"Player","Team","Position","Year","Rk","Status","Opponent","FPts","FP/G","Bye","% Owned","+/-","GP","FRTDY","Int","IntYd","Sk","SkY","Tk","Stf","StY","Sft","RtTY","BFGTDY","TD"
"Edwards, T.J.","Wisc","LB","Sr","1","FA","W Ky Fri 9:00PM","186.5","14.35","5","-","-","13","0","0","0","0.0","0","84","6.5","11","0","0","0","0"
"Crawford, Jonathan","Ind","DB","Sr","2","FA","@FLInt Sat 7:00PM","178.3","14.86","10","-","-","12","0","4","33","1.0","9","68","1","9","0","0","0","0"
"Young II, Dedrick","Neb","LB","Sr","3","FA","Akr Sat 8:00PM","134","12.18","9","-","-","11","0","0","0","0.0","0","61","4","8","0","0","0","0"
"Wharton, Isaiah","Rut","DB","Sr","4","FA","TxSt Sat 12:00PM","129","10.75","9","-","-","12","0","1","0","0.0","0","55","3","14","0","0","0","0"
"Hesse, Parker","Iowa","DL","Sr","5","FA","NIU Sat 3:30PM","124.4","8.89","5","-","-","14","0","1","4","2.0","8","44","3","12","0","0","0","1"
"Hall, Nate","NW","LB","Sr","6","FA","@Purd Thu 8:00PM","118.5","10.77","4","-","-","11","0","0","0","0.0","0","56","2.5","3","0","0","0","0"
"Akinmoladun, Freedom","Neb","DL","Sr","7","FA","Akr Sat 8:00PM","113.5","14.19","9","-","-","8","0","0","0","4.5","36","21","6.5","45","0","0","0","0"
"Neal, Tre","Neb","DB","Sr","8","WW","Akr Sat 8:00PM","111","11.1","9","-","-","10","0","0","0","0.0","0","55","0.5","0","0","0","0","0"
"Orr, Chris","Wisc","LB","Jr","9","FA","W Ky Fri 9:00PM","106","10.6","5","-","-","10","0","0","0","0.5","5","46","2","11","0","0","0","0"
"Aniebonam, Jesse","MD","DL","Sr","10","FA","Tex Sat 12:00PM","92.5","9.25","5","-","-","10","0","0","0","3.5","16","23","6.5","23","0","0","0","0"
"Huff, Julian","Minn","LB","Sr","11","FA","NMSt Thu 7:00PM","89","8.9","5","-","-","10","0","0","0","2.5","26","22","3.5","30","0","0","0","0"
"Austin, Blessuan","Rut","DB","Sr","12","FA","TxSt Sat 12:00PM","88.5","8.85","9","-","-","10","0","1","50","0.0","0","32","2","7","0","0","0","1"
"Hester, Kiy","Rut","DB","Sr","13","WW","TxSt Sat 12:00PM","85.5","10.69","9","-","-","8","0","1","0","0.0","0","37","1.5","5","0","0","0","0"
"Reid, John","PSU","DB","Jr","14","FA","App Sat 3:30PM","77.4","6.45","6","-","-","12","0","2","44","0.0","0","29","1","2","0","0","0","0"
"Brown Jr., Andre","Ind","DB","Jr","15","FA","@FLInt Sat 7:00PM","66","8.25","10","-","-","8","0","0","0","0.0","0","33","0","0","0","0","0","0"
"Hampton, Saquan","Rut","DB","Sr","16","FA","TxSt Sat 12:00PM","66","7.33","9","-","-","9","0","1","0","0.0","0","28","1","4","0","0","0","0"
"Williams, Aaron","Neb","DB","Sr","17","FA","Akr Sat 8:00PM","58.5","8.36","9","-","-","7","0","0","0","0.0","0","24","3","9","0","0","0","0"
"Miller, Grayson","MSU","LB,DB","Sr","18","FA","UtSt Fri 7:00PM","56.5","8.07","3","-","-","7","0","1","0","0.0","0","24","1","1","0","0","0","0"
"Watson, Tre","MD","LB","Sr","19","FA","Tex Sat 12:00PM","55","6.11","5","-","-","9","0","0","0","1.0","7","21","1","7","0","0","0","0"
"Wilkins, Kevin","Rut","DL","Sr","20","FA","TxSt Sat 12:00PM","53.5","6.69","9","-","-","8","0","1","10","0.5","3","14","4.5","12","0","0","0","0"
"Brown, Torrence","PSU","DL","Sr","21","FA","App Sat 3:30PM","48","9.6","6","-","-","5","0","0","0","1.5","4","11","5.5","14","0","0","0","0"
"Butler, Jabari","PSU","DB","Jr","22","FA","App Sat 3:30PM","47.4","11.85","6","-","-","4","0","6","114","0.0","0","0","0","0","0","0","0","0"
"Dowell, Andrew","MSU","LB","Sr","23","FA","UtSt Fri 7:00PM","47","5.88","3","-","-","8","0","0","0","0.0","0","22","1","2","0","0","0","0"
"Booker, Dante","OHSt","LB","Sr","24","FA","OreSt Sat 12:00PM","46.5","6.64","9","-","-","7","0","0","0","0.0","0","22","1","1","0","0","0","0"
"Cooper, Jake","PSU","LB","Sr","25","FA","App Sat 3:30PM","40.5","6.75","6","-","-","6","0","0","0","1.0","11","13","1.5","4","0","0","0","0"
"Bowen, Manny","PSU","LB","Sr","26","WW","App Sat 3:30PM","38","4.75","6","-","-","8","0","0","0","0.0","0","18","0.5","2","0","0","0","0"
"Samuels, Kayton","Ind","DL","Sr","27","FA","@FLInt Sat 7:00PM","37","4.62","10","-","-","8","0","0","0","0.0","0","15","2.5","4","0","0","0","0"
"Nelson, Matt","Iowa","DL","Sr","28","FA","NIU Sat 3:30PM","34","4.86","5","-","-","7","0","0","0","0.5","2","13","1.5","4","0","0","0","0"
"Connelly, Ryan","Wisc","LB","Sr","29","FA","W Ky Fri 9:00PM","33.5","4.79","5","-","-","7","0","0","0","0.0","0","15","1","3","0","0","0","0"
"Thompson, Jordan","NW","DL","Sr","30","FA","@Purd Thu 8:00PM","32","3.2","4","-","-","10","0","0","0","0.0","0","15","0.5","2","0","0","0","0"
"Dixon, D'Cota","Wisc","DB","Sr","31","FA","W Ky Fri 9:00PM","30","3.75","5","-","-","8","0","0","0","0.0","0","15","0","0","0","0","0","0"
"Shenault, Antonio","Minn","DB","Sr","32","FA","NMSt Thu 7:00PM","30","6","5","-","-","5","0","0","0","0.0","0","15","0","0","0","0","0","0"
"Scott, Nick","PSU","DB","Sr","33","FA","App Sat 3:30PM","28","2.55","6","-","-","11","0","0","0","0.0","0","8","0","0","0","0","0","2"
"Willis Jr., Dameon","Ind","LB","Jr","34","FA","@FLInt Sat 7:00PM","28","4","10","-","-","7","0","0","0","0.0","0","14","0","0","0","0","0","0"
"Savage, Jr., Darnell","MD","DB","Sr","35","FA","Tex Sat 12:00PM","24","4.8","5","-","-","5","0","0","0","0.0","0","12","0","0","0","0","0","0"
"Roberts, Deonte","Rut","LB","Sr","36","FA","TxSt Sat 12:00PM","22","3.67","9","-","-","6","0","0","0","0.0","0","11","0","0","0","0","0","0"
"Willis, Khari","MSU","DB","Sr","37","FA","UtSt Fri 7:00PM","22","3.67","3","-","-","6","0","0","0","0.0","0","11","0","0","0","0","0","0"
"Reed, Antonio","Neb","DB","Sr","38","FA","Akr Sat 8:00PM","20","2.86","9","-","-","7","0","0","0","0.0","0","10","0","0","0","0","0","0"
"Bailey, Markus","Purd","LB","Jr","39","FA","NW Thu 8:00PM","18","9","6","-","-","2","0","0","0","0.0","0","9","0","0","0","0","0","0"
"Sagapolu, Olive","Wisc","DL","Sr","40","FA","W Ky Fri 9:00PM","18","6","5","-","-","3","0","0","0","0.0","0","7","1","4","0","0","0","0"
"Gifford, Luke","Neb","LB","Sr","41","FA","Akr Sat 8:00PM","17.5","5.83","9","-","-","3","0","0","0","0.0","0","7","1","3","0","0","0","0"
"Stoltenberg, Mick","Neb","DL","Sr","42","FA","Akr Sat 8:00PM","16","8","9","-","-","2","0","0","0","1.0","6","2","1","6","0","0","0","0"
"Watson, Brandon","Mich","DB","Sr","43","FA","@ND Sat 7:30PM","16","2.67","9","-","-","6","0","0","0","0.0","0","8","0","0","0","0","0","0"
"Mends, Aaron","Iowa","LB","Sr","44","FA","NIU Sat 3:30PM","15","3","5","-","-","5","0","0","0","1.0","2","4","0.5","2","0","0","0","0"
"Cowart, Byron","MD","DL","Jr","45","FA","Tex Sat 12:00PM","12","1.5","5","-","-","7","0","0","0","0.0","0","6","0","0","0","0","0","0"
"Farrar, Arrington","Wisc","LB","Sr","46","FA","W Ky Fri 9:00PM","12","2.4","5","-","-","5","0","0","0","0.0","0","6","0","0","0","0","0","0"
"McGee, Jared","NW","DB","Sr","47","FA","@Purd Thu 8:00PM","12","6","4","-","-","2","0","0","0","0.0","0","6","0","0","0","0","0","0"
"Morris, Trevor","Rut","LB","Sr","48","FA","TxSt Sat 12:00PM","12","2.4","9","-","-","5","0","0","0","0.0","0","6","0","0","0","0","0","0"
"Bateky, Jon","Rut","DL","Sr","49","FA","TxSt Sat 12:00PM","10.5","3.5","9","-","-","3","0","0","0","0.0","0","4","1","1","0","0","0","0"
"Kulka, Brett","MD","DL","Sr","50","FA","Tex Sat 12:00PM","10.5","3.5","5","-","-","3","0","0","0","0.0","0","4","1","1","0","0","0","0"
"Ferguson, Tyrin","Neb","LB","Jr","51","FA","Akr Sat 8:00PM","10","2","9","-","-","5","0","0","0","0.0","0","5","0","0","0","0","0","0"
"Morrissey, Matt","MSU","DB","Sr","52","FA","UtSt Fri 7:00PM","10","2.5","3","-","-","4","0","0","0","0.0","0","5","0","0","0","0","0","0"
"Oruwariye, Amani","PSU","DB","Sr","53","FA","App Sat 3:30PM","10","2.5","6","-","-","4","0","0","0","0.0","0","5","0","0","0","0","0","0"
"Smith, Tyson","MSU","DB","Sr","54","FA","UtSt Fri 7:00PM","10","2.5","3","-","-","4","0","0","0","0.0","0","5","0","0","0","0","0","0"
"Cashman, Blake","Minn","LB","Sr","55","FA","NMSt Thu 7:00PM","9.5","3.17","5","-","-","3","0","0","0","0.0","0","4","0.5","1","0","0","0","0"
"Cason, Tim","Purd","DB","Sr","56","FA","NW Thu 8:00PM","8","2.67","6","-","-","3","0","0","0","0.0","0","4","0","0","0","0","0","0"
"Furbush, Noah","Mich","LB","Sr","57","FA","@ND Sat 7:30PM","8","1.6","9","-","-","5","0","0","0","0.0","0","4","0","0","0","0","0","0"
"Hartage, Montre","NW","DB","Sr","58","FA","@Purd Thu 8:00PM","8","2.67","4","-","-","3","0","0","0","0.0","0","4","0","0","0","0","0","0"
"Robinson, Jacob","Ind","DL","Sr","59","FA","@FLInt Sat 7:00PM","8","2.67","10","-","-","3","0","0","0","0.0","0","4","0","0","0","0","0","0"
"Tanyi, Mbi","MD","DL","Sr","60","FA","Tex Sat 12:00PM","8","4","5","-","-","2","0","0","0","0.0","0","4","0","0","0","0","0","0"
"Oxley, Ben","NW","DL","Sr","61","FA","@Purd Thu 8:00PM","6","2","4","-","-","3","0","0","0","0.0","0","3","0","0","0","0","0","0"
"Sykes, Nile","Ind","DL","Sr","62","FA","@FLInt Sat 7:00PM","6","2","10","-","-","3","0","0","0","0.0","0","3","0","0","0","0","0","0"
"Van Ginkel, Andrew","Wisc","LB","Sr","63","FA","W Ky Fri 9:00PM","6","6","5","-","-","1","0","0","0","0.0","0","3","0","0","0","0","0","0"
"Gervase, Jake","Iowa","DB","Sr","64","FA","NIU Sat 3:30PM","4","2","5","-","-","2","0","0","0","0.0","0","2","0","0","0","0","0","0"
"Hockaday, Jack","Iowa","LB","Sr","65","FA","NIU Sat 3:30PM","4","2","5","-","-","2","0","0","0","0.0","0","2","0","0","0","0","0","0"
"Kinnel, Tyree","Mich","DB","Sr","66","FA","@ND Sat 7:30PM","4","2","9","-","-","2","0","0","0","0.0","0","2","0","0","0","0","0","0"
"Winovich, Chase","Mich","DL","Sr","67","FA","@ND Sat 7:30PM","4","2","9","-","-","2","0","0","0","0.0","0","2","0","0","0","0","0","0"
"Marshall, Lawrence","Mich","DL","Sr","68","FA","@ND Sat 7:30PM","3.5","3.5","9","-","-","1","0","0","0","0.0","0","1","0.5","1","0","0","0","0"
"Egbuaba, Nnamdi","MD","LB","Sr","69","FA","Tex Sat 12:00PM","2","2","5","-","-","1","0","0","0","0.0","0","1","0","0","0","0","0","0"
"Huff, Jacob","Minn","DB","Sr","70","FA","NMSt Thu 7:00PM","2","2","5","-","-","1","0","0","0","0.0","0","1","0","0","0","0","0","0"
"Hughes, Casey","Mich","DB","Sr","71","WW","@ND Sat 7:30PM","2","2","9","-","-","1","0","0","0","0.0","0","1","0","0","0","0","0","0"
"Andrews, Austin","MSU","RB,FLX,DB","So","72","FA","UtSt Fri 7:00PM","0","0","3","0%","0%","0","0","0","0","0","0","0","0","0","0","0","0","0"
"Barnwell, Elijah","Rut","RB,FLX,LB","Fr","73","FA","TxSt Sat 12:00PM","0","0","9","0%","0%","0","0","0","0","0","0","0","0","0","0","0","0","0"
"Bobak, Christian","Ill","RB,FLX,DB","So","74","FA","Kent Sat 12:00PM","0","0","5","0%","0%","0","0","0","0","0","0","0","0","0","0","0","0","0"
"Bryant, Moses","Neb","RB,WR,FLX,DB","Fr","75","FA","Akr Sat 8:00PM","0","0","9","0%","0%","0","0","0","0","0","0","0","0","0","0","0","0","0"
"Camper, Jack","MSU","TE,FLX,DL","Fr","76","FA","UtSt Fri 7:00PM","0","0","3","0%","0%","0","0","0","0","0","0","0","0","0","0","0","0","0"
"Collinsworth, Jake","Wisc","RB,FLX,LB","Fr","77","FA","W Ky Fri 9:00PM","0","0","5","0%","0%","0","0","0","0","0","0","0","0","0","0","0","0","0"
"Darien, Dae'Lun","PSU","WR,FLX,LB","So","78","FA","App Sat 3:30PM","0","0","6","0%","0%","0","0","0","0","0","0","0","0","0","0","0","0","0"
"Flowers, Emmanuel","MSU","WR,FLX,DB","Fr","79","FA","UtSt Fri 7:00PM","0","0","3","0%","0%","0","0","0","0","0","0","0","0","0","0","0","0","0"
"Hallock, Tanner","MSU","RB,FLX,LB","Fr","80","FA","UtSt Fri 7:00PM","0","0","3","0%","0%","0","0","0","0","0","0","0","0","0","0","0","0","0"
"Harrell, Deron","Wisc","WR,FLX,DB","Fr","81","FA","W Ky Fri 9:00PM","0","0","5","0%","0%","0","0","0","0","0","0","0","0","0","0","0","0","0"
"Hill-Hunt, Mufi","MSU","TE,FLX,DL","So","82","FA","UtSt Fri 7:00PM","0","0","3","0%","0%","0","0","0","0","0","0","0","0","0","0","0","0","0"
"Holman, Zac","Ill","WR,FLX,DB","Sr","83","FA","Kent Sat 12:00PM","0","0","5","0%","0%","0","0","0","0","0","0","0","0","0","0","0","0","0"
"Jackson, Paul","Wisc","WR,FLX,LB","Sr","84","FA","W Ky Fri 9:00PM","0","0","5","0%","0%","0","0","0","0","0","0","0","0","0","0","0","0","0"
"Lewis, Rayshad","MD","WR,FLX,DB","So","85","FA","Tex Sat 12:00PM","0","0","5","0%","0%","0","0","0","0","0","0","0","0","0","0","0","0","0"
"Ludwig, Joe","Iowa","RB,FLX,LB","Fr","86","FA","NIU Sat 3:30PM","0","0","5","0%","0%","0","0","0","0","0","0","0","0","0","0","0","0","0"
"McCurry, Jake","Mich","WR,FLX,DB","So","87","FA","@ND Sat 7:30PM","0","0","9","0%","0%","0","0","0","0","0","0","0","0","0","0","0","0","0"
"Otte, Simon","Neb","WR,FLX,LB,DB","Fr","88","FA","Akr Sat 8:00PM","0","0","9","0%","0%","0","0","0","0","0","0","0","0","0","0","0","0","0"
"Pottebaum, Monte","Iowa","RB,FLX,LB","Fr","89","FA","NIU Sat 3:30PM","0","0","5","0%","0%","0","0","0","0","0","0","0","0","0","0","0","0","0"
"Santaga, Jon","Minn","QB,FLX,DB","Fr","90","FA","NMSt Thu 7:00PM","0","0","5","0%","0%","0","0","0","0","0","0","0","0","0","0","0","0","0"
"Seybert, Matt","MSU","TE,FLX,DL","Jr","91","FA","UtSt Fri 7:00PM","0","0","3","0%","0%","0","0","0","0","0.0","0","0","0","0","0","0","0","0"
"Smith, Kendall","Ill","WR,FLX,DB","So","92","FA","Kent Sat 12:00PM","0","0","5","0%","0%","0","0","0","0","0","0","0","0","0","0","0","0","0"
"Taylor, Reese","Ind","WR,FLX,DB","Fr","93","WW","@FLInt Sat 7:00PM","0","0","10","0%","0%","0","0","0","0","0","0","0","0","0","0","0","0","0"
"Veingrad, Ryan","Mich","TE,FLX,DL","So","94","FA","@ND Sat 7:30PM","0","0","9","0%","0%","0","0","0","0","0","0","0","0","0","0","0","0","0"
"Wainwright, Muhammad","Rut","TE,FLX,DL","Sr","95","WW","TxSt Sat 12:00PM","0","0","9","0%","0%","0","0","0","0","0","0","0","0","0","0","0","0","0"
"Welde, Christopher","PSU","RB,WR,FLX,DB","Jr","96","FA","App Sat 3:30PM","0","0","6","0%","0%","0","0","0","0","0","0","0","0","0","0","0","0","0"
"West, Jacob","Mich","QB,FLX,DB","Sr","97","FA","@ND Sat 7:30PM","0","0","9","0%","0%","0","0","0","0","0","0","0","0","0","0","0","0","0"
"White, Brendon","OHSt","WR,FLX,DB","So","98","FA","OreSt Sat 12:00PM","0","0","9","0%","0%","0","0","0","0","0","0","0","0","0","0","0","0","0"
"Williams, Justice","Ill","WR,FLX,LB","Jr","99","FA","Kent Sat 12:00PM","0","0","5","0%","0%","0","0","0","0","0.0","0","0","0","0","0","0","0","0"
"Abdulaziz, Rani","Rut","DB","Fr","100","FA","TxSt Sat 12:00PM","0","0","9","-","-","0","0","0","0","0","0","0","0","0","0","0","0","0"
"Abraham, Kessawn","Rut","DB","Fr","101","FA","TxSt Sat 12:00PM","0","0","9","-","-","0","0","0","0","0","0","0","0","0","0","0","0","0"
"Abrams, Jacob","Purd","DB","Fr","102","FA","NW Thu 8:00PM","0","0","6","-","-","0","0","0","0","0","0","0","0","0","0","0","0","0"
"Adams, Tony","Ill","DB","So","103","FA","Kent Sat 12:00PM","0","0","5","-","-","0","0","0","0","0","0","0","0","0","0","0","0","0"
"Ahanotu, Mayan","Minn","DL","Fr","104","FA","NMSt Thu 7:00PM","0","0","5","-","-","0","0","0","0","0","0","0","0","0","0","0","0","0"
"Alexander, Dillon","MSU","DL","Sr","105","FA","UtSt Fri 7:00PM","0","0","3","-","-","0","0","0","0","0.0","0","0","0","0","0","0","0","0"
"Alexander, Jalen","MD","DL","Fr","106","FA","Tex Sat 12:00PM","0","0","5","-","-","0","0","0","0","0","0","0","0","0","0","0","0","0"
"Alexander, Jaylan","Purd","LB","Fr","107","WW","NW Thu 8:00PM","0","0","6","-","-","0","0","0","0","0","0","0","0","0","0","0","0","0"
"Alexander, Justice","MSU","DL","Jr","108","FA","UtSt Fri 7:00PM","0","0","3","-","-","0","0","0","0","0.0","0","0","0","0","0","0","0","0"
"Alexander, Quayshon","Neb","LB","So","109","FA","Akr Sat 8:00PM","0","0","9","-","-","0","0","0","0","0","0","0","0","0","0","0","0","0"
"Allen, Thomas","Ind","LB","Fr","110","FA","@FLInt Sat 7:00PM","0","0","10","-","-","0","0","0","0","0","0","0","0","0","0","0","0","0"
"Alston, David","Neb","LB","Fr","111","FA","Akr Sat 8:00PM","0","0","9","-","-","0","0","0","0","0","0","0","0","0","0","0","0","0"
"Anderson, Avery","Neb","DB","Jr","112","FA","Akr Sat 8:00PM","0","0","9","-","-","0","0","0","0","0.0","0","0","0","0","0","0","0","0"
"Anderson, Danny","Minn","LB","Fr","113","FA","NMSt Thu 7:00PM","0","0","5","-","-","0","0","0","0","0","0","0","0","0","0","0","0","0"
"Anderson, Fyn","Neb","DL","Jr","114","FA","Akr Sat 8:00PM","0","0","9","-","-","0","0","0","0","0.0","0","0","0","0","0","0","0","0"
"Anderson, Nick","Iowa","LB","Jr","115","FA","NIU Sat 3:30PM","0","0","5","-","-","0","0","0","0","0","0","0","0","0","0","0","0","0"
"Anderson, Nihym","MD","LB","Fr","116","WW","Tex Sat 12:00PM","0","0","5","-","-","0","0","0","0","0","0","0","0","0","0","0","0","0"
"Andrea, Alec","Ill","DB","Fr","117","FA","Kent Sat 12:00PM","0","0","5","-","-","0","0","0","0","0","0","0","0","0","0","0","0","0"
"Andrighetto, Lucas","Mich","DB","Fr","118","WW","@ND Sat 7:30PM","0","0","9","-","-","0","0","0","0","0","0","0","0","0","0","0","0","0"
"Anthony, Jordan","Mich","LB","So","119","FA","@ND Sat 7:30PM","0","0","9","-","-","0","0","0","0","0","0","0","0","0","0","0","0","0"
"Anyanwu, Chee","NW","LB","Fr","120","FA","@Purd Thu 8:00PM","0","0","4","-","-","0","0","0","0","0","0","0","0","0","0","0","0","0"
"Archer, Jake","Neb","LB","Fr","121","FA","Akr Sat 8:00PM","0","0","9","-","-","0","0","0","0","0","0","0","0","0","0","0","0","0"
"Arnette, Damon","OHSt","DB","Jr","122","FA","OreSt Sat 12:00PM","0","0","9","-","-","0","0","0","0","0.0","0","0","0","0","0","0","0","0"
"Asher, Jones","Purd","LB","Fr","123","WW","NW Thu 8:00PM","0","0","6","-","-","0","0","0","0","0","0","0","0","0","0","0","0","0"
"Aune, Josh","Minn","DB","Fr","124","FA","NMSt Thu 7:00PM","0","0","5","-","-","0","0","0","0","0","0","0","0","0","0","0","0","0"
"Avery, Calvin","Ill","DL","Fr","125","FA","Kent Sat 12:00PM","0","0","5","-","-","0","0","0","0","0","0","0","0","0","0","0","0","0"
"Avery, Tre","Rut","DB","So","126","FA","TxSt Sat 12:00PM","0","0","9","-","-","0","0","0","0","0","0","0","0","0","0","0","0","0"
"Baca, Steve","MD","LB","Jr","127","FA","Tex Sat 12:00PM","0","0","5","-","-","0","0","0","0","0","0","0","0","0","0","0","0","0"
"Bachie, Joe","MSU","LB","Jr","128","FA","UtSt Fri 7:00PM","0","0","3","-","-","0","0","0","0","0","0","0","0","0","0","0","0","0"
"Balistreri, Michael","Wisc","DL","Fr","129","FA","W Ky Fri 9:00PM","0","0","5","-","-","0","0","0","0","0","0","0","0","0","0","0","0","0"
"Ball, Elijah","Purd","DB","Fr","130","WW","NW Thu 8:00PM","0","0","6","-","-","0","0","0","0","0","0","0","0","0","0","0","0","0"
"Ball, Marcelino","Ind","DB","So","131","FA","@FLInt Sat 7:00PM","0","0","10","-","-","0","0","0","0","0","0","0","0","0","0","0","0","0"
"Banderas, Anthony","Neb","LB","Fr","132","FA","Akr Sat 8:00PM","0","0","9","-","-","0","0","0","0","0","0","0","0","0","0","0","0","0"
"Banks, Sevyn","OHSt","DB","Fr","133","FA","OreSt Sat 12:00PM","0","0","9","-","-","0","0","0","0","0","0","0","0","0","0","0","0","0"
"Barber, Damion","PSU","DL","Fr","134","FA","App Sat 3:30PM","0","0","6","-","-","0","0","0","0","0","0","0","0","0","0","0","0","0"
"Barber, Thomas","Minn","LB","Jr","135","FA","NMSt Thu 7:00PM","0","0","5","-","-","0","0","0","0","0","0","0","0","0","0","0","0","0"
"Barnes, Derrick","Purd","LB","So","136","FA","NW Thu 8:00PM","0","0","6","-","-","0","0","0","0","0","0","0","0","0","0","0","0","0"
"Barron, Ty","Minn","LB","Fr","137","FA","NMSt Thu 7:00PM","0","0","5","-","-","0","0","0","0","0","0","0","0","0","0","0","0","0"
"Barrow, Malik","OHSt","DL","So","138","FA","OreSt Sat 12:00PM","0","0","9","-","-","0","0","0","0","0","0","0","0","0","0","0","0","0"
"Barrow, Tim","Rut","DB","Fr","139","FA","TxSt Sat 12:00PM","0","0","9","-","-","0","0","0","0","0","0","0","0","0","0","0","0","0"
"Barry, Mohamed","Neb","LB","Jr","140","FA","Akr Sat 8:00PM","0","0","9","-","-","0","0","0","0","0.0","0","0","0","0","0","0","0","0"
"Barwick, Mike","Ind","DL","Sr","141","FA","@FLInt Sat 7:00PM","0","0","10","-","-","0","0","0","0","0.0","0","0","0","0","0","0","0","0"
"Battle, Rashawn","Rut","LB","So","142","FA","TxSt Sat 12:00PM","0","0","9","-","-","0","0","0","0","0","0","0","0","0","0","0","0","0"
"Baun, Zack","Wisc","LB","Jr","143","FA","W Ky Fri 9:00PM","0","0","5","-","-","0","0","0","0","0.0","0","0","0","0","0","0","0","0"
"Baylor, Tyler","MD","DL","Fr","144","WW","Tex Sat 12:00PM","0","0","5","-","-","0","0","0","0","0","0","0","0","0","0","0","0","0"
"Bazzie, Fofie","MD","DB","Fr","145","FA","Tex Sat 12:00PM","0","0","5","-","-","0","0","0","0","0","0","0","0","0","0","0","0","0"
"Beery, Britt","Ind","DL","Fr","146","FA","@FLInt Sat 7:00PM","0","0","10","-","-","0","0","0","0","0","0","0","0","0","0","0","0","0"
"Beesley, Drew","MSU","DL","So","147","FA","UtSt Fri 7:00PM","0","0","3","-","-","0","0","0","0","0","0","0","0","0","0","0","0","0"
"Bell, Christian","Wisc","LB","So","148","FA","W Ky Fri 9:00PM","0","0","5","-","-","0","0","0","0","0","0","0","0","0","0","0","0","0"
"Bennett, Kenny","MD","DB","Fr","149","FA","Tex Sat 12:00PM","0","0","5","-","-","0","0","0","0","0","0","0","0","0","0","0","0","0"
"Benson, Seth","Iowa","LB","Fr","150","FA","NIU Sat 3:30PM","0","0","5","-","-","0","0","0","0","0","0","0","0","0","0","0","0","0"
"Bergin, Chris","NW","LB","So","151","FA","@Purd Thu 8:00PM","0","0","4","-","-","0","0","0","0","0","0","0","0","0","0","0","0","0"
"Bergin, Joe","NW","DB","Jr","152","FA","@Purd Thu 8:00PM","0","0","4","-","-","0","0","0","0","0.0","0","0","0","0","0","0","0","0"
"Bernat, Nolan","Ill","DB","Jr","153","FA","Kent Sat 12:00PM","0","0","5","-","-","0","0","0","0","0","0","0","0","0","0","0","0","0"
"Blackmon, Antonio","Purd","DB","Sr","154","FA","NW Thu 8:00PM","0","0","6","-","-","0","0","0","0","0.0","0","0","0","0","0","0","0","0"
"Blake, Wyatt","NW","DL","Fr","155","FA","@Purd Thu 8:00PM","0","0","4","-","-","0","0","0","0","0","0","0","0","0","0","0","0","0"
"Blaylock, Travian","Wisc","DB","Fr","156","WW","W Ky Fri 9:00PM","0","0","5","-","-","0","0","0","0","0","0","0","0","0","0","0","0","0"
"Bondoc, Evan","Wisc","DB","Sr","157","FA","W Ky Fri 9:00PM","0","0","5","-","-","0","0","0","0","0.0","0","0","0","0","0","0","0","0"
"Boone, Raymond","MD","DB","Fr","158","WW","Tex Sat 12:00PM","0","0","5","-","-","0","0","0","0","0","0","0","0","0","0","0","0","0"
"Bootle, Dicaprio","Neb","DB","So","159","FA","Akr Sat 8:00PM","0","0","9","-","-","0","0","0","0","0","0","0","0","0","0","0","0","0"
"Bordner, Brendan","Rut","DL","Fr","160","FA","TxSt Sat 12:00PM","0","0","9","-","-","0","0","0","0","0","0","0","0","0","0","0","0","0"
"Borland, Tuf","OHSt","LB","So","161","FA","OreSt Sat 12:00PM","0","0","9","-","-","0","0","0","0","0","0","0","0","0","0","0","0","0"
"Bosa, Nick","OHSt","DL","Jr","162","FA","OreSt Sat 12:00PM","0","0","9","-","-","0","0","0","0","0","0","0","0","0","0","0","0","0"
"Bowen, Ja'merez","Ind","DL","Sr","163","FA","@FLInt Sat 7:00PM","0","0","10","-","-","0","0","0","0","0","0","0","0","0","0","0","0","0"
"Brand, Bryce","MD","DL","So","164","FA","Tex Sat 12:00PM","0","0","5","-","-","0","0","0","0","0","0","0","0","0","0","0","0","0"
"Brents, Julius","Iowa","DB","Fr","165","FA","NIU Sat 3:30PM","0","0","5","-","-","0","0","0","0","0","0","0","0","0","0","0","0","0"
"Brincks, Sam","Iowa","DL","Sr","166","FA","NIU Sat 3:30PM","0","0","5","-","-","0","0","0","0","0.0","0","0","0","0","0","0","0","0"
"Brooks, Ellis","PSU","LB","Fr","167","FA","App Sat 3:30PM","0","0","6","-","-","0","0","0","0","0","0","0","0","0","0","0","0","0"
"Brooks, Jr., Antoine","MD","DB","Jr","168","FA","Tex Sat 12:00PM","0","0","5","-","-","0","0","0","0","0","0","0","0","0","0","0","0","0"
"Brown IV, Earnest","NW","DL","So","169","FA","@Purd Thu 8:00PM","0","0","4","-","-","0","0","0","0","0","0","0","0","0","0","0","0","0"
"Brown, Cam","PSU","LB","Jr","170","FA","App Sat 3:30PM","0","0","6","-","-","0","0","0","0","0","0","0","0","0","0","0","0","0"
"Brown, DJ","PSU","DB","Fr","171","FA","App Sat 3:30PM","0","0","6","-","-","0","0","0","0","0","0","0","0","0","0","0","0","0"
"Brown, Shakur","MSU","DB","Fr","172","FA","UtSt Fri 7:00PM","0","0","3","-","-","0","0","0","0","0","0","0","0","0","0","0","0","0"
"Brown, Sydney","Ill","DB","Fr","173","FA","Kent Sat 12:00PM","0","0","5","-","-","0","0","0","0","0","0","0","0","0","0","0","0","0"
"Brown, Verdis","Ill","DL","Fr","174","FA","Kent Sat 12:00PM","0","0","5","-","-","0","0","0","0","0","0","0","0","0","0","0","0","0"
"Browning, Baron","OHSt","LB","So","175","FA","OreSt Sat 12:00PM","0","0","9","-","-","0","0","0","0","0","0","0","0","0","0","0","0","0"
"Brownlee, David","MD","LB","Fr","176","WW","Tex Sat 12:00PM","0","0","5","-","-","0","0","0","0","0","0","0","0","0","0","0","0","0"
"Bryant, Alfred","Ind","DL","Fr","177","FA","@FLInt Sat 7:00PM","0","0","10","-","-","0","0","0","0","0","0","0","0","0","0","0","0","0"
"Bryant, Khalil","Ind","DB","Jr","178","FA","@FLInt Sat 7:00PM","0","0","10","-","-","0","0","0","0","0","0","0","0","0","0","0","0","0"
"Buchholz, Ryan","PSU","DL","Jr","179","WW","App Sat 3:30PM","0","0","6","-","-","0","0","0","0","0.0","0","0","0","0","0","0","0","0"
"Bullock, Brian","NW","DB","So","180","FA","@Purd Thu 8:00PM","0","0","4","-","-","0","0","0","0","0","0","0","0","0","0","0","0","0"
"Bullock, Izaia","Rut","LB","Jr","181","FA","TxSt Sat 12:00PM","0","0","9","-","-","0","0","0","0","0","0","0","0","0","0","0","0","0"
"Bullough, Byron","MSU","LB","Sr","182","FA","UtSt Fri 7:00PM","0","0","3","-","-","0","0","0","0","0.0","0","0","0","0","0","0","0","0"
"Bunner, Bradley","Neb","DB","Fr","183","FA","Akr Sat 8:00PM","0","0","9","-","-","0","0","0","0","0","0","0","0","0","0","0","0","0"
"Burgess, Juwan","Ind","DB","Fr","184","FA","@FLInt Sat 7:00PM","0","0","10","-","-","0","0","0","0","0","0","0","0","0","0","0","0","0"
"Burks, Noah","Wisc","LB","So","185","FA","W Ky Fri 9:00PM","0","0","5","-","-","0","0","0","0","0","0","0","0","0","0","0","0","0"
"Burnam, Mo","Ind","LB","Fr","186","FA","@FLInt Sat 7:00PM","0","0","10","-","-","0","0","0","0","0","0","0","0","0","0","0","0","0"
"Burrell, Eric","Wisc","DB","So","187","FA","W Ky Fri 9:00PM","0","0","5","-","-","0","0","0","0","0","0","0","0","0","0","0","0","0"
"Burton, Donte","Wisc","DB","Fr","188","FA","W Ky Fri 9:00PM","0","0","5","-","-","0","0","0","0","0","0","0","0","0","0","0","0","0"
"Bush, Devin","Mich","LB","Jr","189","FA","@ND Sat 7:30PM","0","0","9","-","-","0","0","0","0","0","0","0","0","0","0","0","0","0"
"Butler, Josh","MSU","DB","Jr","190","FA","UtSt Fri 7:00PM","0","0","3","-","-","0","0","0","0","0.0","0","0","0","0","0","0","0","0"
"Butler, Tony","Neb","DB","So","191","FA","Akr Sat 8:00PM","0","0","9","-","-","0","0","0","0","0","0","0","0","0","0","0","0","0"
"Cage, Jerron","OHSt","DL","Fr","192","FA","OreSt Sat 12:00PM","0","0","9","-","-","0","0","0","0","0","0","0","0","0","0","0","0","0"
"Campbell, Chance","MD","LB","Fr","193","WW","Tex Sat 12:00PM","0","0","5","-","-","0","0","0","0","0","0","0","0","0","0","0","0","0"
"Campbell, Roderick","NW","DB","Jr","194","FA","@Purd Thu 8:00PM","0","0","4","-","-","0","0","0","0","0","0","0","0","0","0","0","0","0"
"Campos, Ben","Iowa","LB","Fr","195","FA","NIU Sat 3:30PM","0","0","5","-","-","0","0","0","0","0","0","0","0","0","0","0","0","0"
"Carlson, John","Iowa","LB","Fr","196","WW","NIU Sat 3:30PM","0","0","5","-","-","0","0","0","0","0","0","0","0","0","0","0","0","0"
"Carney Jr., Owen","Ill","DL","So","197","FA","Kent Sat 12:00PM","0","0","5","-","-","0","0","0","0","0","0","0","0","0","0","0","0","0"
"Carnifax, Tommy","NW","DL","So","198","FA","@Purd Thu 8:00PM","0","0","4","-","-","0","0","0","0","0","0","0","0","0","0","0","0","0"
"Carriere-Williams, Dontye","Wisc","DB","So","199","FA","W Ky Fri 9:00PM","0","0","5","-","-","0","0","0","0","0","0","0","0","0","0","0","0","0"
"Casey, Aaron","Ind","LB","Fr","200","WW","@FLInt Sat 7:00PM","0","0","10","-","-","0","0","0","0","0","0","0","0","0","0","0","0","0"
"Cassidy, Chris","Neb","LB","Fr","201","FA","Akr Sat 8:00PM","0","0","9","-","-","0","0","0","0","0","0","0","0","0","0","0","0","0"
"Castro-Fields, Tariq","PSU","DB","So","202","FA","App Sat 3:30PM","0","0","6","-","-","0","0","0","0","0","0","0","0","0","0","0","0","0"
"Cesarz, Ethan","Wisc","LB","Fr","203","FA","W Ky Fri 9:00PM","0","0","5","-","-","0","0","0","0","0","0","0","0","0","0","0","0","0"
"Chamberlain, Bryce","Mich","LB","Fr","204","WW","@ND Sat 7:30PM","0","0","9","-","-","0","0","0","0","0","0","0","0","0","0","0","0","0"
"Chizmar, Max","PSU","LB","Fr","205","FA","App Sat 3:30PM","0","0","6","-","-","0","0","0","0","0","0","0","0","0","0","0","0","0"
"Clark, Braxton","Neb","DB","Fr","206","FA","Akr Sat 8:00PM","0","0","9","-","-","0","0","0","0","0","0","0","0","0","0","0","0","0"
"Cochran, Tyler","Mich","DB","Jr","207","FA","@ND Sat 7:30PM","0","0","9","-","-","0","0","0","0","0","0","0","0","0","0","0","0","0"
"Coghlan, Sean","Ill","LB","Fr","208","FA","Kent Sat 12:00PM","0","0","5","-","-","0","0","0","0","0","0","0","0","0","0","0","0","0"
"Colbert, Djimon","Iowa","LB,DB","Fr","209","FA","NIU Sat 3:30PM","0","0","5","-","-","0","0","0","0","0","0","0","0","0","0","0","0","0"
"Cone, Madison","Wisc","DB","So","210","FA","W Ky Fri 9:00PM","0","0","5","-","-","0","0","0","0","0","0","0","0","0","0","0","0","0"
"Cook, Wyatt","MD","LB","Sr","211","WW","Tex Sat 12:00PM","0","0","5","-","-","0","0","0","0","0.0","0","0","0","0","0","0","0","0"
"Cooper, Jonathon","OHSt","DL","Jr","212","FA","OreSt Sat 12:00PM","0","0","9","-","-","0","0","0","0","0","0","0","0","0","0","0","0","0"
"Cornell, Jashon","OHSt","DL","Jr","213","FA","OreSt Sat 12:00PM","0","0","9","-","-","0","0","0","0","0.0","0","0","0","0","0","0","0","0"
"Coughlin, Carter","Minn","LB","Jr","214","FA","NMSt Thu 7:00PM","0","0","5","-","-","0","0","0","0","0","0","0","0","0","0","0","0","0"
"Cox, Aaron","OHSt","DL","So","215","FA","OreSt Sat 12:00PM","0","0","9","-","-","0","0","0","0","0","0","0","0","0","0","0","0","0"
"Cox, Ethan","Neb","DB","Fr","216","FA","Akr Sat 8:00PM","0","0","9","-","-","0","0","0","0","0","0","0","0","0","0","0","0","0"
"Craddieth, Dallas","Iowa","DB","Fr","217","FA","NIU Sat 3:30PM","0","0","5","-","-","0","0","0","0","0","0","0","0","0","0","0","0","0"
"Cravaack, Jack","Purd","DL","Fr","218","WW","NW Thu 8:00PM","0","0","6","-","-","0","0","0","0","0","0","0","0","0","0","0","0","0"
"Creamer, Trey","Iowa","DB","Fr","219","FA","NIU Sat 3:30PM","0","0","5","-","-","0","0","0","0","0","0","0","0","0","0","0","0","0"
"Criddle, Alex","Purd","DL","Jr","220","FA","NW Thu 8:00PM","0","0","6","-","-","0","0","0","0","0","0","0","0","0","0","0","0","0"
"Culpepper, Judge","PSU","DL","Fr","221","FA","App Sat 3:30PM","0","0","6","-","-","0","0","0","0","0","0","0","0","0","0","0","0","0"
"Currens, Seth","Wisc","DB","So","222","FA","W Ky Fri 9:00PM","0","0","5","-","-","0","0","0","0","0","0","0","0","0","0","0","0","0"
"Daniel II, PC","Ill","DB","Fr","223","FA","Kent Sat 12:00PM","0","0","5","-","-","0","0","0","0","0","0","0","0","0","0","0","0","0"
"Daniels, Allen","Purd","DL","Fr","224","FA","NW Thu 8:00PM","0","0","6","-","-","0","0","0","0","0","0","0","0","0","0","0","0","0"
"Daniels, Damion","Neb","DL","Fr","225","FA","Akr Sat 8:00PM","0","0","9","-","-","0","0","0","0","0","0","0","0","0","0","0","0","0"
"Daniels, Joseph","Ind","DB","Fr","226","WW","@FLInt Sat 7:00PM","0","0","10","-","-","0","0","0","0","0","0","0","0","0","0","0","0","0"
"Davis, Alex","Neb","LB","Jr","227","FA","Akr Sat 8:00PM","0","0","9","-","-","0","0","0","0","0.0","0","0","0","0","0","0","0","0"
"Davis, Carlos","Neb","DL","Jr","228","FA","Akr Sat 8:00PM","0","0","9","-","-","0","0","0","0","0.0","0","0","0","0","0","0","0","0"
"Davis, Isaiah","MD","LB","Jr","229","FA","Tex Sat 12:00PM","0","0","5","-","-","0","0","0","0","0.0","0","0","0","0","0","0","0","0"
"Davis, Jared","Mich","DB","So","230","FA","@ND Sat 7:30PM","0","0","9","-","-","0","0","0","0","0","0","0","0","0","0","0","0","0"
"Davis, Khalil","Neb","DL","Jr","231","FA","Akr Sat 8:00PM","0","0","9","-","-","0","0","0","0","0.0","0","0","0","0","0","0","0","0"
"Davis, RaVon","MD","DB","Sr","232","FA","Tex Sat 12:00PM","0","0","5","-","-","0","0","0","0","0","0","0","0","0","0","0","0","0"
"Day, David","Purd","DB","Jr","233","FA","NW Thu 8:00PM","0","0","6","-","-","0","0","0","0","0","0","0","0","0","0","0","0","0"
"Day, Parker","Rut","DB","Fr","234","FA","TxSt Sat 12:00PM","0","0","9","-","-","0","0","0","0","0","0","0","0","0","0","0","0","0"
"DeGroot, Dawson","Ill","DB","So","235","FA","Kent Sat 12:00PM","0","0","5","-","-","0","0","0","0","0","0","0","0","0","0","0","0","0"
"DeLattiboudere, Winston","Minn","DL","Jr","236","FA","NMSt Thu 7:00PM","0","0","5","-","-","0","0","0","0","0.0","0","0","0","0","0","0","0","0"
"Deen, Branson","Purd","DL","Fr","237","WW","NW Thu 8:00PM","0","0","6","-","-","0","0","0","0","0","0","0","0","0","0","0","0","0"
"Dever, Kevin","OHSt","DB","So","238","FA","OreSt Sat 12:00PM","0","0","9","-","-","0","0","0","0","0","0","0","0","0","0","0","0","0"
"Devers, Tai'yon","Minn","DL","Jr","239","FA","NMSt Thu 7:00PM","0","0","5","-","-","0","0","0","0","0","0","0","0","0","0","0","0","0"
"Di Leo, Frank","PSU","LB","Jr","240","FA","App Sat 3:30PM","0","0","6","-","-","0","0","0","0","0","0","0","0","0","0","0","0","0"
"Dicerbo, Antonio","MD","DL","So","241","FA","Tex Sat 12:00PM","0","0","5","-","-","0","0","0","0","0","0","0","0","0","0","0","0","0"
"Dietzen, Boyd","Wisc","DL","Fr","242","WW","W Ky Fri 9:00PM","0","0","5","-","-","0","0","0","0","0","0","0","0","0","0","0","0","0"
"Dinsdale, Colton","Iowa","DB","Jr","243","FA","NIU Sat 3:30PM","0","0","5","-","-","0","0","0","0","0","0","0","0","0","0","0","0","0"
"Dismuke, Marquel","Neb","DB","So","244","FA","Akr Sat 8:00PM","0","0","9","-","-","0","0","0","0","0","0","0","0","0","0","0","0","0"
"Dix, Donnell","PSU","DL","Sr","245","FA","App Sat 3:30PM","0","0","6","-","-","0","0","0","0","0","0","0","0","0","0","0","0","0"
"Dixon, Breon","Neb","LB,DB","So","246","FA","Akr Sat 8:00PM","0","0","9","-","-","0","0","0","0","0","0","0","0","0","0","0","0","0"
"Domann, JoJo","Neb","DB","So","247","FA","Akr Sat 8:00PM","0","0","9","-","-","0","0","0","0","0","0","0","0","0","0","0","0","0"
"Donald, Noah","OHSt","DL","Jr","248","FA","OreSt Sat 12:00PM","0","0","9","-","-","0","0","0","0","0","0","0","0","0","0","0","0","0"
"Dowell, David","MSU","DB","Jr","249","FA","UtSt Fri 7:00PM","0","0","3","-","-","0","0","0","0","0.0","0","0","0","0","0","0","0","0"
"Doyle, Dillon","Iowa","LB","Fr","250","FA","NIU Sat 3:30PM","0","0","5","-","-","0","0","0","0","0","0","0","0","0","0","0","0","0"
"Drobocky, Dane","Mich","DL","Jr","251","FA","@ND Sat 7:30PM","0","0","9","-","-","0","0","0","0","0","0","0","0","0","0","0","0","0"
"DuMond, Joe","PSU","DL,LB","Jr","252","FA","App Sat 3:30PM","0","0","6","-","-","0","0","0","0","0","0","0","0","0","0","0","0","0"
"Duggan, Jaohne","Rut","DL","Fr","253","FA","TxSt Sat 12:00PM","0","0","9","-","-","0","0","0","0","0","0","0","0","0","0","0","0","0"
"Dunaway, Jack","Mich","LB","Sr","254","FA","@ND Sat 7:30PM","0","0","9","-","-","0","0","0","0","0.0","0","0","0","0","0","0","0","0"
"Durr, Coney","Minn","DB","Jr","255","FA","NMSt Thu 7:00PM","0","0","5","-","-","0","0","0","0","0","0","0","0","0","0","0","0","0"
"Duwa, Levi","Iowa","DL","Fr","256","FA","NIU Sat 3:30PM","0","0","5","-","-","0","0","0","0","0","0","0","0","0","0","0","0","0"
"Dvorak, Wes","Iowa","DB","Jr","257","FA","NIU Sat 3:30PM","0","0","5","-","-","0","0","0","0","0","0","0","0","0","0","0","0","0"
"Dwumfour, Michael","Mich","DL","Jr","258","FA","@ND Sat 7:30PM","0","0","9","-","-","0","0","0","0","0","0","0","0","0","0","0","0","0"
"Eifler, Milo","Ill","LB","So","259","WW","Kent Sat 12:00PM","0","0","5","-","-","0","0","0","0","0","0","0","0","0","0","0","0","0"
"Eley, Ayinde","MD","LB","Fr","260","FA","Tex Sat 12:00PM","0","0","5","-","-","0","0","0","0","0","0","0","0","0","0","0","0","0"
"Ellis, Ray","Purd","DL","Sr","261","FA","NW Thu 8:00PM","0","0","6","-","-","0","0","0","0","0","0","0","0","0","0","0","0","0"
"Ellis, Tino","MD","DB","Jr","262","FA","Tex Sat 12:00PM","0","0","5","-","-","0","0","0","0","0","0","0","0","0","0","0","0","0"
"Epenesa, A.J.","Iowa","DL","So","263","FA","NIU Sat 3:30PM","0","0","5","-","-","0","0","0","0","0","0","0","0","0","0","0","0","0"
"Estes, Rey","Minn","DB","Fr","264","FA","NMSt Thu 7:00PM","0","0","5","-","-","0","0","0","0","0","0","0","0","0","0","0","0","0"
"Evans, Joe","Iowa","LB","Fr","265","FA","NIU Sat 3:30PM","0","0","5","-","-","0","0","0","0","0","0","0","0","0","0","0","0","0"
"Everett, Gavin","Ind","DL","Jr","266","FA","@FLInt Sat 7:00PM","0","0","10","-","-","0","0","0","0","0.0","0","0","0","0","0","0","0","0"
"Faison-Walden, Brelin","PSU","LB","Fr","267","FA","App Sat 3:30PM","0","0","6","-","-","0","0","0","0","0","0","0","0","0","0","0","0","0"
"Fakasiieiki, Semisi","Purd","DL,LB","So","268","FA","NW Thu 8:00PM","0","0","6","-","-","0","0","0","0","0","0","0","0","0","0","0","0","0"
"Fakih, Adam","Mich","LB","So","269","FA","@ND Sat 7:30PM","0","0","9","-","-","0","0","0","0","0","0","0","0","0","0","0","0","0"
"Fankhauser, Owen","OHSt","DB","Jr","270","FA","OreSt Sat 12:00PM","0","0","9","-","-","0","0","0","0","0","0","0","0","0","0","0","0","0"
"Farmer, Koa","PSU","LB","Sr","271","FA","App Sat 3:30PM","0","0","6","-","-","7","0","0","0","0.0","0","0","0","0","0","0","0","0"
"Fatukasi, Olakunle","Rut","LB","So","272","FA","TxSt Sat 12:00PM","0","0","9","-","-","0","0","0","0","0","0","0","0","0","0","0","0","0"
"Faustin, Sammy","Mich","DB","Fr","273","WW","@ND Sat 7:30PM","0","0","9","-","-","0","0","0","0","0","0","0","0","0","0","0","0","0"
"Feist, Colton","Neb","DL","Fr","274","FA","Akr Sat 8:00PM","0","0","9","-","-","0","0","0","0","0","0","0","0","0","0","0","0","0"
"Fisher, Paddy","NW","LB","So","275","FA","@Purd Thu 8:00PM","0","0","4","-","-","0","0","0","0","0","0","0","0","0","0","0","0","0"
"Fitzgerald, Bryant","Ind","DB","Fr","276","FA","@FLInt Sat 7:00PM","0","0","10","-","-","0","0","0","0","0","0","0","0","0","0","0","0","0"
"Flythe, Vincent","MD","DB","Fr","277","FA","Tex Sat 12:00PM","0","0","5","-","-","0","0","0","0","0","0","0","0","0","0","0","0","0"
"Fogg, Tyshon","Rut","LB","So","278","FA","TxSt Sat 12:00PM","0","0","9","-","-","0","0","0","0","0","0","0","0","0","0","0","0","0"
"Fontaine, Austin","MD","DL","Fr","279","WW","Tex Sat 12:00PM","0","0","5","-","-","0","0","0","0","0","0","0","0","0","0","0","0","0"
"Fox, Nathan","NW","LB","Jr","280","FA","@Purd Thu 8:00PM","0","0","4","-","-","0","0","0","0","0.0","0","0","0","0","0","0","0","0"
"Franklin, Jaylan","Wisc","LB","Fr","281","WW","W Ky Fri 9:00PM","0","0","5","-","-","0","0","0","0","0","0","0","0","0","0","0","0","0"
"Frederick, Corbin","Neb","DB","Fr","282","FA","Akr Sat 8:00PM","0","0","9","-","-","0","0","0","0","0","0","0","0","0","0","0","0","0"
"Friday, Tyler","OHSt","DL","Fr","283","FA","OreSt Sat 12:00PM","0","0","9","-","-","0","0","0","0","0","0","0","0","0","0","0","0","0"
"Fuller, Jordan","OHSt","DB","Jr","284","FA","OreSt Sat 12:00PM","0","0","9","-","-","0","0","0","0","0","0","0","0","0","0","0","0","0"
"Gaddy, Brandon","MD","DL","Fr","285","FA","Tex Sat 12:00PM","0","0","5","-","-","0","0","0","0","0","0","0","0","0","0","0","0","0"
"Gaddy, Breyon","MD","DL","Fr","286","FA","Tex Sat 12:00PM","0","0","5","-","-","0","0","0","0","0","0","0","0","0","0","0","0","0"
"Gallagher, Blake","NW","LB","So","287","FA","@Purd Thu 8:00PM","0","0","4","-","-","0","0","0","0","0","0","0","0","0","0","0","0","0"
"Gant, Dallas","OHSt","LB","Fr","288","FA","OreSt Sat 12:00PM","0","0","9","-","-","0","0","0","0","0","0","0","0","0","0","0","0","0"
"Garrett, Haskell","OHSt","DL","So","289","FA","OreSt Sat 12:00PM","0","0","9","-","-","0","0","0","0","0","0","0","0","0","0","0","0","0"
"Garvin, Jelani Ray","Rut","DB","Jr","290","FA","TxSt Sat 12:00PM","0","0","9","-","-","0","0","0","0","0","0","0","0","0","0","0","0","0"
"Gary, Rashan","Mich","DL","Jr","291","FA","@ND Sat 7:30PM","0","0","9","-","-","0","0","0","0","0","0","0","0","0","0","0","0","0"
"Gay, Isaiah","Ill","DL","So","292","FA","Kent Sat 12:00PM","0","0","5","-","-","0","0","0","0","0","0","0","0","0","0","0","0","0"
"Gaziano, Joe","NW","DL","Jr","293","FA","@Purd Thu 8:00PM","0","0","4","-","-","0","0","0","0","0.0","0","0","0","0","0","0","0","0"
"George, Joey","Mich","DL","Fr","294","WW","@ND Sat 7:30PM","0","0","9","-","-","0","0","0","0","0","0","0","0","0","0","0","0","0"
"Gervin, Kalon","MSU","DB","Fr","295","FA","UtSt Fri 7:00PM","0","0","3","-","-","0","0","0","0","0","0","0","0","0","0","0","0","0"
"Gibson, Jerry","Minn","DL","Sr","296","FA","NMSt Thu 7:00PM","0","0","5","-","-","0","0","0","0","0.0","0","0","0","0","0","0","0","0"
"Gil, Devin","Mich","LB","Jr","297","FA","@ND Sat 7:30PM","0","0","9","-","-","0","0","0","0","0","0","0","0","0","0","0","0","0"
"Givens, Kevin","PSU","DL","Jr","298","FA","App Sat 3:30PM","0","0","6","-","-","0","0","0","0","0.0","0","0","0","0","0","0","0","0"
"Glackin, Jango","NW","LB","So","299","FA","@Purd Thu 8:00PM","0","0","4","-","-","0","0","0","0","0","0","0","0","0","0","0","0","0"
"Glasgow, Cherokee","MD","DL","Fr","300","WW","Tex Sat 12:00PM","0","0","5","-","-","0","0","0","0","0","0","0","0","0","0","0","0","0"
"Glasgow, Jordan","Mich","LB,DB","Sr","301","FA","@ND Sat 7:30PM","0","0","9","-","-","0","0","0","0","0.0","0","0","0","0","0","0","0","0"
"Goens, Trent","NW","DL","Jr","302","FA","@Purd Thu 8:00PM","0","0","4","-","-","0","0","0","0","0.0","0","0","0","0","0","0","0","0"
"Goetz, C.J.","Wisc","LB","Fr","303","WW","W Ky Fri 9:00PM","0","0","5","-","-","0","0","0","0","0","0","0","0","0","0","0","0","0"
"Goldsberry, Owen","Mich","DB","Fr","304","WW","@ND Sat 7:30PM","0","0","9","-","-","0","0","0","0","0","0","0","0","0","0","0","0","0"
"Golston, Chauncey","Iowa","DL","So","305","FA","NIU Sat 3:30PM","0","0","5","-","-","0","0","0","0","0","0","0","0","0","0","0","0","0"
"Gooden, Mark","NW","DL","So","306","FA","@Purd Thu 8:00PM","0","0","4","-","-","0","0","0","0","0","0","0","0","0","0","0","0","0"
"Gordon, Trent","PSU","DB","Fr","307","FA","App Sat 3:30PM","0","0","6","-","-","0","0","0","0","0","0","0","0","0","0","0","0","0"
"Gotay, Fa'Najae","MD","LB","Fr","308","WW","Tex Sat 12:00PM","0","0","5","-","-","0","0","0","0","0","0","0","0","0","0","0","0","0"
"Grady, Griffin","Wisc","LB","So","309","FA","W Ky Fri 9:00PM","0","0","5","-","-","0","0","0","0","0","0","0","0","0","0","0","0","0"
"Gray, Vincent","Mich","DB","Fr","310","WW","@ND Sat 7:30PM","0","0","9","-","-","0","0","0","0","0","0","0","0","0","0","0","0","0"
"Green, Gemon","Mich","DB","Fr","311","WW","@ND Sat 7:30PM","0","0","9","-","-","0","0","0","0","0","0","0","0","0","0","0","0","0"
"Green, German","Mich","DB","Fr","312","WW","@ND Sat 7:30PM","0","0","9","-","-","0","0","0","0","0","0","0","0","0","0","0","0","0"
"Green, Kendrick","Ill","DL","Fr","313","FA","Kent Sat 12:00PM","0","0","5","-","-","0","0","0","0","0","0","0","0","0","0","0","0","0"
"Green, Stanley","Ill","DB","Jr","314","FA","Kent Sat 12:00PM","0","0","5","-","-","0","0","0","0","0","0","0","0","0","0","0","0","0"
"Green-May, Izayah","Wisc","LB","Fr","315","FA","W Ky Fri 9:00PM","0","0","5","-","-","0","0","0","0","0","0","0","0","0","0","0","0","0"
"Griggs, Jason","Rut","DL","So","316","FA","TxSt Sat 12:00PM","0","0","9","-","-","0","0","0","0","0","0","0","0","0","0","0","0","0"
"Grodman, Louis","Mich","DB","Sr","317","FA","@ND Sat 7:30PM","0","0","9","-","-","0","0","0","0","0","0","0","0","0","0","0","0","0"
"Gross-Matos, Yetur","PSU","DL","So","318","FA","App Sat 3:30PM","0","0","6","-","-","0","0","0","0","0","0","0","0","0","0","0","0","0"
"Guthrie, Trenton","Minn","LB","Fr","319","FA","NMSt Thu 7:00PM","0","0","5","-","-","0","0","0","0","0","0","0","0","0","0","0","0","0"
"Hamdan, Zaid","OHSt","DL","Fr","320","FA","OreSt Sat 12:00PM","0","0","9","-","-","0","0","0","0","0","0","0","0","0","0","0","0","0"
"Hamilton, Davon","OHSt","DL","Jr","321","FA","OreSt Sat 12:00PM","0","0","9","-","-","0","0","0","0","0.0","0","0","0","0","0","0","0","0"
"Hampton, A.J.","NW","DB","Fr","322","FA","@Purd Thu 8:00PM","0","0","4","-","-","0","0","0","0","0","0","0","0","0","0","0","0","0"
"Hankins, Matt","Iowa","DB","So","323","FA","NIU Sat 3:30PM","0","0","5","-","-","0","0","0","0","0","0","0","0","0","0","0","0","0"
"Hansard, Fred","PSU","DL","Fr","324","FA","App Sat 3:30PM","0","0","6","-","-","0","0","0","0","0","0","0","0","0","0","0","0","0"
"Hansen, Jake","Ill","LB","So","325","FA","Kent Sat 12:00PM","0","0","5","-","-","0","0","0","0","0","0","0","0","0","0","0","0","0"
"Hardge III, Ron","Ill","DB","Fr","326","FA","Kent Sat 12:00PM","0","0","5","-","-","0","0","0","0","0","0","0","0","0","0","0","0","0"
"Harding, Dele","Ill","LB","Jr","327","FA","Kent Sat 12:00PM","0","0","5","-","-","0","0","0","0","0","0","0","0","0","0","0","0","0"
"Hardy, Kamal","Purd","DB","Sr","328","FA","NW Thu 8:00PM","0","0","6","-","-","0","0","0","0","0","0","0","0","0","0","0","0","0"
"Harris, Justus","Minn","DB","So","329","FA","NMSt Thu 7:00PM","0","0","5","-","-","0","0","0","0","0","0","0","0","0","0","0","0","0"
"Harrison, Malik","OHSt","LB","Jr","330","FA","OreSt Sat 12:00PM","0","0","9","-","-","0","0","0","0","0","0","0","0","0","0","0","0","0"
"Hartlaub, Drew","PSU","DB","Fr","331","FA","App Sat 3:30PM","0","0","6","-","-","0","0","0","0","0","0","0","0","0","0","0","0","0"
"Harvey, Noah","MSU","LB","Fr","332","FA","UtSt Fri 7:00PM","0","0","3","-","-","0","0","0","0","0","0","0","0","0","0","0","0","0"
"Hawkins, Aeneas","PSU","DL","Fr","333","FA","App Sat 3:30PM","0","0","6","-","-","0","0","0","0","0","0","0","0","0","0","0","0","0"
"Hawkins, Brad","Mich","DB","So","334","FA","@ND Sat 7:30PM","0","0","9","-","-","0","0","0","0","0","0","0","0","0","0","0","0","0"
"Hayes, Damon","Rut","DB","Jr","335","FA","TxSt Sat 12:00PM","0","0","9","-","-","0","0","0","0","0","0","0","0","0","0","0","0","0"
"Head Jr., James","Ind","DL","Fr","336","FA","@FLInt Sat 7:00PM","0","0","10","-","-","0","0","0","0","0","0","0","0","0","0","0","0","0"
"Henderson, Xavier","MSU","DB","Fr","337","FA","UtSt Fri 7:00PM","0","0","3","-","-","0","0","0","0","0","0","0","0","0","0","0","0","0"
"Henningsen, Matt","Wisc","DL","Fr","338","FA","W Ky Fri 9:00PM","0","0","5","-","-","0","0","0","0","0","0","0","0","0","0","0","0","0"
"Heyroth, Jacob","Wisc","LB","Fr","339","WW","W Ky Fri 9:00PM","0","0","5","-","-","0","0","0","0","0","0","0","0","0","0","0","0","0"
"Hickcox, Noah","Minn","DL","Fr","340","FA","NMSt Thu 7:00PM","0","0","5","-","-","0","0","0","0","0","0","0","0","0","0","0","0","0"
"Hicks, Faion","Wisc","DB","Fr","341","FA","W Ky Fri 9:00PM","0","0","5","-","-","0","0","0","0","0","0","0","0","0","0","0","0","0"
"Higgins, Kai","Purd","DL","Jr","342","FA","NW Thu 8:00PM","0","0","6","-","-","0","0","0","0","0","0","0","0","0","0","0","0","0"
"Hill, Lavert","Mich","DB","Jr","343","FA","@ND Sat 7:30PM","0","0","9","-","-","0","0","0","0","0","0","0","0","0","0","0","0","0"
"Hill, Ronnie","Purd","DB","Jr","344","FA","NW Thu 8:00PM","0","0","6","-","-","0","0","0","0","0","0","0","0","0","0","0","0","0"
"Hiller, Austin","NW","DB","Fr","345","FA","@Purd Thu 8:00PM","0","0","4","-","-","0","0","0","0","0","0","0","0","0","0","0","0","0"
"Hilliard, Justin","OHSt","LB","Jr","346","FA","OreSt Sat 12:00PM","0","0","9","-","-","0","0","0","0","0.0","0","0","0","0","0","0","0","0"
"Hittle, Logan","OHSt","LB","Jr","347","FA","OreSt Sat 12:00PM","0","0","9","-","-","0","0","0","0","0","0","0","0","0","0","0","0","0"
"Hobbs, Nate","Ill","DB","So","348","FA","Kent Sat 12:00PM","0","0","5","-","-","0","0","0","0","0","0","0","0","0","0","0","0","0"
"Hollins, Jacob","Ill","LB","Fr","349","FA","Kent Sat 12:00PM","0","0","5","-","-","0","0","0","0","0","0","0","0","0","0","0","0","0"
"Holmes, Ezekiel","Ill","DL","Fr","350","FA","Kent Sat 12:00PM","0","0","5","-","-","0","0","0","0","0","0","0","0","0","0","0","0","0"
"Honas, Will","Neb","LB","Jr","351","FA","Akr Sat 8:00PM","0","0","9","-","-","0","0","0","0","0","0","0","0","0","0","0","0","0"
"Hooker, Amani","Iowa","DB","Jr","352","FA","NIU Sat 3:30PM","0","0","5","-","-","0","0","0","0","0","0","0","0","0","0","0","0","0"
"Hooker, Marcus","OHSt","DB","Fr","353","FA","OreSt Sat 12:00PM","0","0","9","-","-","0","0","0","0","0","0","0","0","0","0","0","0","0"
"Howard, Keiron","MD","DL","Jr","354","FA","Tex Sat 12:00PM","0","0","5","-","-","0","0","0","0","0.0","0","0","0","0","0","0","0","0"
"Howden, Jordan","Minn","DB","Fr","355","FA","NMSt Thu 7:00PM","0","0","5","-","-","0","0","0","0","0","0","0","0","0","0","0","0","0"
"Howe, Kraig","Wisc","DL","Jr","356","FA","W Ky Fri 9:00PM","0","0","5","-","-","0","0","0","0","0.0","0","0","0","0","0","0","0","0"
"Hudetz, Troy","NW","LB","So","357","FA","@Purd Thu 8:00PM","0","0","4","-","-","0","0","0","0","0","0","0","0","0","0","0","0","0"
"Hudson, Khaleke","Mich","LB,DB","Jr","358","FA","@ND Sat 7:30PM","0","0","9","-","-","0","0","0","0","0","0","0","0","0","0","0","0","0"
"Humphries, Isaiah","PSU","DB","Fr","359","FA","App Sat 3:30PM","0","0","6","-","-","0","0","0","0","0","0","0","0","0","0","0","0","0"
"Hutchinson, Aidan","Mich","DL","Fr","360","WW","@ND Sat 7:30PM","0","0","9","-","-","0","0","0","0","0","0","0","0","0","0","0","0","0"
"Irving-Bey, Deron","Mich","DL","So","361","FA","@ND Sat 7:30PM","0","0","9","-","-","0","0","0","0","0","0","0","0","0","0","0","0","0"
"Izien, Christian","Rut","DB","Fr","362","WW","TxSt Sat 12:00PM","0","0","9","-","-","0","0","0","0","0","0","0","0","0","0","0","0","0"
"Jackson, Antwuan","OHSt","DL","So","363","FA","OreSt Sat 12:00PM","0","0","9","-","-","0","0","0","0","0","0","0","0","0","0","0","0","0"
"Jackson, Bryce","NW","DB","Fr","364","FA","@Purd Thu 8:00PM","0","0","4","-","-","0","0","0","0","0","0","0","0","0","0","0","0","0"
"Jackson, Damian","Neb","DL","Fr","365","FA","Akr Sat 8:00PM","0","0","9","-","-","0","0","0","0","0","0","0","0","0","0","0","0","0"
"Jackson, Kenyon","Ill","DL","Jr","366","FA","Kent Sat 12:00PM","0","0","5","-","-","0","0","0","0","0","0","0","0","0","0","0","0","0"
"Jackson, Lamar","Neb","DB","Jr","367","FA","Akr Sat 8:00PM","0","0","9","-","-","0","0","0","0","0","0","0","0","0","0","0","0","0"
"Jackson, Will","Neb","DB","Jr","368","FA","Akr Sat 8:00PM","0","0","9","-","-","0","0","0","0","0","0","0","0","0","0","0","0","0"
"Jacobus, Dalles","Iowa","DL","So","369","FA","NIU Sat 3:30PM","0","0","5","-","-","0","0","0","0","0","0","0","0","0","0","0","0","0"
"James, Isaac","Ind","DB","Jr","370","FA","@FLInt Sat 7:00PM","0","0","10","-","-","0","0","0","0","0.0","0","0","0","0","0","0","0","0"
"Jansen, Garret","Iowa","DL","Jr","371","FA","NIU Sat 3:30PM","0","0","5","-","-","0","0","0","0","0.0","0","0","0","0","0","0","0","0"
"Jarzynka, Matt","Neb","DL","Sr","372","FA","Akr Sat 8:00PM","0","0","9","-","-","0","0","0","0","0.0","0","0","0","0","0","0","0","0"
"Jean-Baptiste, Javontae","OHSt","DL","Fr","373","FA","OreSt Sat 12:00PM","0","0","9","-","-","0","0","0","0","0","0","0","0","0","0","0","0","0"
"Jefferson, Pernell","Neb","LB","So","374","FA","Akr Sat 8:00PM","0","0","9","-","-","0","0","0","0","0","0","0","0","0","0","0","0","0"
"Jennings, Deion","Rut","LB","Fr","375","WW","TxSt Sat 12:00PM","0","0","9","-","-","0","0","0","0","0","0","0","0","0","0","0","0","0"
"Jester, Hayden","OHSt","LB","Jr","376","FA","OreSt Sat 12:00PM","0","0","9","-","-","0","0","0","0","0","0","0","0","0","0","0","0","0"
"Jeter, Donovan","Mich","DL","So","377","FA","@ND Sat 7:30PM","0","0","9","-","-","0","0","0","0","0","0","0","0","0","0","0","0","0"
"Johns, Tim","Purd","LB","Fr","378","WW","NW Thu 8:00PM","0","0","6","-","-","0","0","0","0","0","0","0","0","0","0","0","0","0"
"Johnson, D.J.","Iowa","DB","Fr","379","FA","NIU Sat 3:30PM","0","0","5","-","-","0","0","0","0","0","0","0","0","0","0","0","0","0"
"Johnson, Donovan","PSU","DB","Fr","380","FA","App Sat 3:30PM","0","0","6","-","-","0","0","0","0","0","0","0","0","0","0","0","0","0"
"Johnson, Jamar","Ind","DB","Fr","381","WW","@FLInt Sat 7:00PM","0","0","10","-","-","0","0","0","0","0","0","0","0","0","0","0","0","0"
"Johnson, Jan","PSU","LB","Jr","382","FA","App Sat 3:30PM","0","0","6","-","-","0","0","0","0","0.0","0","0","0","0","0","0","0","0"
"Johnson, Jerome","Ind","DL","So","383","FA","@FLInt Sat 7:00PM","0","0","10","-","-","0","0","0","0","0","0","0","0","0","0","0","0","0"
"Johnson, Joseph","Neb","LB","Fr","384","FA","Akr Sat 8:00PM","0","0","9","-","-","0","0","0","0","0","0","0","0","0","0","0","0","0"
"Johnson, Lawrence","Purd","DL","Fr","385","WW","NW Thu 8:00PM","0","0","6","-","-","0","0","0","0","0","0","0","0","0","0","0","0","0"
"Johnson, Patrick","Wisc","DB","Jr","386","FA","W Ky Fri 9:00PM","0","0","5","-","-","0","0","0","0","0","0","0","0","0","0","0","0","0"
"Johnson, Ron","Mich","DL","Jr","387","FA","@ND Sat 7:30PM","0","0","9","-","-","0","0","0","0","0","0","0","0","0","0","0","0","0"
"Johnson, Tyler","Wisc","LB","Jr","388","FA","W Ky Fri 9:00PM","0","0","5","-","-","0","0","0","0","0.0","0","0","0","0","0","0","0","0"
"Johnson, Tyreke","OHSt","DB","Fr","389","FA","OreSt Sat 12:00PM","0","0","9","-","-","0","0","0","0","0","0","0","0","0","0","0","0","0"
"Jones, Amani","Iowa","LB","Jr","390","FA","NIU Sat 3:30PM","0","0","5","-","-","0","0","0","0","0","0","0","0","0","0","0","0","0"
"Jones, Cam","Ind","LB","Fr","391","WW","@FLInt Sat 7:00PM","0","0","10","-","-","0","0","0","0","0","0","0","0","0","0","0","0","0"
"Jones, Cam'ron","Neb","DB","Fr","392","FA","Akr Sat 8:00PM","0","0","9","-","-","0","0","0","0","0","0","0","0","0","0","0","0","0"
"Jones, Cornel","Purd","LB","So","393","FA","NW Thu 8:00PM","0","0","6","-","-","0","0","0","0","0","0","0","0","0","0","0","0","0"
"Jones, Deon","MD","DB","Fr","394","FA","Tex Sat 12:00PM","0","0","5","-","-","0","0","0","0","0","0","0","0","0","0","0","0","0"
"Jones, Dre'Mont","OHSt","DL","Jr","395","FA","OreSt Sat 12:00PM","0","0","9","-","-","0","0","0","0","0.0","0","0","0","0","0","0","0","0"
"Jones, Keandre","OHSt","LB","Jr","396","FA","OreSt Sat 12:00PM","0","0","9","-","-","0","0","0","0","0","0","0","0","0","0","0","0","0"
"Jones, Keiwan","Purd","DL","Sr","397","FA","NW Thu 8:00PM","0","0","6","-","-","0","0","0","0","0.0","0","0","0","0","0","0","0","0"
"Jones, Khalid","NW","LB","Fr","398","FA","@Purd Thu 8:00PM","0","0","4","-","-","0","0","0","0","0","0","0","0","0","0","0","0","0"
"Jones, Naquan","MSU","DL","So","399","FA","UtSt Fri 7:00PM","0","0","3","-","-","0","0","0","0","0","0","0","0","0","0","0","0","0"
"Jones, Reakwon","Ind","LB","Jr","400","FA","@FLInt Sat 7:00PM","0","0","10","-","-","0","0","0","0","0.0","0","0","0","0","0","0","0","0"
"Jones, Reuben","Mich","DL","Sr","401","FA","@ND Sat 7:30PM","0","0","9","-","-","0","0","0","0","0.0","0","0","0","0","0","0","0","0"
"Jones, Shamar","Ind","DL","Fr","402","WW","@FLInt Sat 7:00PM","0","0","10","-","-","0","0","0","0","0","0","0","0","0","0","0","0","0"
"Jordan, Ellison","PSU","DL","So","403","FA","App Sat 3:30PM","0","0","6","-","-","0","0","0","0","0","0","0","0","0","0","0","0","0"
"Jordan, Grant","Neb","LB","So","404","FA","Akr Sat 8:00PM","0","0","9","-","-","0","0","0","0","0","0","0","0","0","0","0","0","0"
"Jordan, Spencer","Neb","LB","So","405","FA","Akr Sat 8:00PM","0","0","9","-","-","0","0","0","0","0","0","0","0","0","0","0","0","0"
"Joseph, Daniel","PSU","DL","So","406","FA","App Sat 3:30PM","0","0","6","-","-","0","0","0","0","0","0","0","0","0","0","0","0","0"
"Joseph, Kerby","Ill","DB","Fr","407","FA","Kent Sat 12:00PM","0","0","5","-","-","0","0","0","0","0","0","0","0","0","0","0","0","0"
"Jusevitch, Jordan","Ind","DB","Fr","408","WW","@FLInt Sat 7:00PM","0","0","10","-","-","0","0","0","0","0","0","0","0","0","0","0","0","0"
"Jutwreten, Robin","Rut","DL","Fr","409","WW","TxSt Sat 12:00PM","0","0","9","-","-","0","0","0","0","0","0","0","0","0","0","0","0","0"
"Kallenberger, Jack","Iowa","DL","Jr","410","FA","NIU Sat 3:30PM","0","0","5","-","-","0","0","0","0","0","0","0","0","0","0","0","0","0"
"Karel, Reid","Neb","DB","Jr","411","FA","Akr Sat 8:00PM","0","0","9","-","-","0","0","0","0","0.0","0","0","0","0","0","0","0","0"
"Katshir, Charlie","PSU","LB","Fr","412","FA","App Sat 3:30PM","0","0","6","-","-","0","0","0","0","0","0","0","0","0","0","0","0","0"
"Kelly-Powell, Jaylen","Mich","DB","So","413","FA","@ND Sat 7:30PM","0","0","9","-","-","0","0","0","0","0","0","0","0","0","0","0","0","0"
"Kemp, Carlo","Mich","DL","Jr","414","FA","@ND Sat 7:30PM","0","0","9","-","-","0","0","0","0","0","0","0","0","0","0","0","0","0"
"Kent, Trevor","NW","DL","Fr","415","FA","@Purd Thu 8:00PM","0","0","4","-","-","0","0","0","0","0","0","0","0","0","0","0","0","0"
"Kern, Jack","Minn","DL","Fr","416","FA","NMSt Thu 7:00PM","0","0","5","-","-","0","0","0","0","0","0","0","0","0","0","0","0","0"
"King, Jonathan","Ind","DL","Fr","417","WW","@FLInt Sat 7:00PM","0","0","10","-","-","0","0","0","0","0","0","0","0","0","0","0","0","0"
"King, Sedrick","Neb","LB","Sr","418","FA","Akr Sat 8:00PM","0","0","9","-","-","0","0","0","0","0.0","0","0","0","0","0","0","0","0"
"Klemp, Logan","Iowa","LB","Fr","419","FA","NIU Sat 3:30PM","0","0","5","-","-","0","0","0","0","0","0","0","0","0","0","0","0","0"
"Knight, James","Ill","LB","So","420","FA","Kent Sat 12:00PM","0","0","5","-","-","0","0","0","0","0","0","0","0","0","0","0","0","0"
"Knight, Qwuantrezz","MD","DB","Jr","421","FA","Tex Sat 12:00PM","0","0","5","-","-","0","0","0","0","0","0","0","0","0","0","0","0","0"
"Koerner, Jack","Iowa","DB","Fr","422","FA","NIU Sat 3:30PM","0","0","5","-","-","0","0","0","0","0","0","0","0","0","0","0","0","0"
"Kromah, Jamree","Rut","DL","Fr","423","WW","TxSt Sat 12:00PM","0","0","9","-","-","0","0","0","0","0","0","0","0","0","0","0","0","0"
"Landers, Robert","OHSt","DL","Jr","424","FA","OreSt Sat 12:00PM","0","0","9","-","-","0","0","0","0","0.0","0","0","0","0","0","0","0","0"
"Larry, Tobias","Purd","LB","So","425","FA","NW Thu 8:00PM","0","0","6","-","-","0","0","0","0","0","0","0","0","0","0","0","0","0"
"Lattimore, Cedrick","Iowa","DL","Jr","426","FA","NIU Sat 3:30PM","0","0","5","-","-","0","0","0","0","0","0","0","0","0","0","0","0","0"
"Layne, Justin","MSU","DB","Jr","427","FA","UtSt Fri 7:00PM","0","0","3","-","-","0","0","0","0","0","0","0","0","0","0","0","0","0"
"Layne, Raheem","Ind","DB","So","428","FA","@FLInt Sat 7:00PM","0","0","10","-","-","0","0","0","0","0","0","0","0","0","0","0","0","0"
"Lee Jr., Eric","Neb","DB","Jr","429","FA","Akr Sat 8:00PM","0","0","9","-","-","0","0","0","0","0.0","0","0","0","0","0","0","0","0"
"Leius, Jack","Minn","DB","So","430","FA","NMSt Thu 7:00PM","0","0","5","-","-","0","0","0","0","0","0","0","0","0","0","0","0","0"
"Leota, Andrew","NW","DL","Fr","431","FA","@Purd Thu 8:00PM","0","0","4","-","-","0","0","0","0","0","0","0","0","0","0","0","0","0"
"Lewis, Marcus","MD","DB","Jr","432","FA","Tex Sat 12:00PM","0","0","5","-","-","0","0","0","0","0.0","0","0","0","0","0","0","0","0"
"Linderbaum, Tyler","Iowa","DL","Fr","433","FA","NIU Sat 3:30PM","0","0","5","-","-","0","0","0","0","0","0","0","0","0","0","0","0","0"
"Lingenfelter, Ben","Neb","DL","Fr","434","FA","Akr Sat 8:00PM","0","0","9","-","-","0","0","0","0","0","0","0","0","0","0","0","0","0"
"Long, David","Mich","DB","Jr","435","FA","@ND Sat 7:30PM","0","0","9","-","-","0","0","0","0","0","0","0","0","0","0","0","0","0"
"Long, Dominique","MSU","DB","So","436","FA","UtSt Fri 7:00PM","0","0","3","-","-","0","0","0","0","0","0","0","0","0","0","0","0","0"
"Loudermilk, Isaiahh","Wisc","DL","So","437","FA","W Ky Fri 9:00PM","0","0","5","-","-","0","0","0","0","0","0","0","0","0","0","0","0","0"
"Luby, John","Mich","DL","Sr","438","WW","@ND Sat 7:30PM","0","0","9","-","-","0","0","0","0","0","0","0","0","0","0","0","0","0"
"Luketa, Jesse","PSU","LB","Fr","439","FA","App Sat 3:30PM","0","0","6","-","-","0","0","0","0","0","0","0","0","0","0","0","0","0"
"Lumor, Elorm","Rut","DL","So","440","FA","TxSt Sat 12:00PM","0","0","9","-","-","0","0","0","0","0","0","0","0","0","0","0","0","0"
"Lyles, Kayden","Wisc","DL","Fr","441","WW","W Ky Fri 9:00PM","0","0","5","-","-","0","0","0","0","0","0","0","0","0","0","0","0","0"
"Mackey, Dedrick","Purd","DB","Fr","442","FA","NW Thu 8:00PM","0","0","6","-","-","0","0","0","0","0","0","0","0","0","0","0","0","0"
"Maddox-Williams, Tyreek","Rut","LB","So","443","FA","TxSt Sat 12:00PM","0","0","9","-","-","0","0","0","0","0","0","0","0","0","0","0","0","0"
"Mafe, Boye","Minn","DL","Fr","444","FA","NMSt Thu 7:00PM","0","0","5","-","-","0","0","0","0","0","0","0","0","0","0","0","0","0"
"Mais, Tyler","Wisc","DB","Fr","445","FA","W Ky Fri 9:00PM","0","0","5","-","-","0","0","0","0","0","0","0","0","0","0","0","0","0"
"Major, Kenneth","Purd","DB","Fr","446","FA","NW Thu 8:00PM","0","0","6","-","-","0","0","0","0","0","0","0","0","0","0","0","0","0"
"Mandryk, Jack","MSU","DB","Fr","447","FA","UtSt Fri 7:00PM","0","0","3","-","-","0","0","0","0","0","0","0","0","0","0","0","0","0"
"Mann, Grayson","NW","LB","Fr","448","FA","@Purd Thu 8:00PM","0","0","4","-","-","0","0","0","0","0","0","0","0","0","0","0","0","0"
"Marchese, Jimmy","Ill","LB","Jr","449","FA","Kent Sat 12:00PM","0","0","5","-","-","0","0","0","0","0.0","0","0","0","0","0","0","0","0"
"Marchese, Michael","Ill","DB","So","450","FA","Kent Sat 12:00PM","0","0","5","-","-","0","0","0","0","0","0","0","0","0","0","0","0","0"
"Marks, Jeff","Purd","DL","Fr","451","FA","NW Thu 8:00PM","0","0","6","-","-","0","0","0","0","0","0","0","0","0","0","0","0","0"
"Marshall, Anthony","Rut","DB","Fr","452","WW","TxSt Sat 12:00PM","0","0","9","-","-","0","0","0","0","0","0","0","0","0","0","0","0","0"
"Martin, Jartavius","Ill","DB","Fr","453","FA","Kent Sat 12:00PM","0","0","5","-","-","0","0","0","0","0","0","0","0","0","0","0","0","0"
"Martin, Kamal","Minn","LB","Jr","454","FA","NMSt Thu 7:00PM","0","0","5","-","-","0","0","0","0","0","0","0","0","0","0","0","0","0"
"Maskalunas, Mike","Wisc","LB","So","455","FA","W Ky Fri 9:00PM","0","0","5","-","-","0","0","0","0","0","0","0","0","0","0","0","0","0"
"Mason, Tijaun","Rut","DL","Fr","456","FA","TxSt Sat 12:00PM","0","0","9","-","-","0","0","0","0","0","0","0","0","0","0","0","0","0"
"Matthews, Devon","Ind","DB","Fr","457","WW","@FLInt Sat 7:00PM","0","0","10","-","-","0","0","0","0","0","0","0","0","0","0","0","0","0"
"Mayo, Alonzo","NW","DB","Jr","458","FA","@Purd Thu 8:00PM","0","0","4","-","-","0","0","0","0","0.0","0","0","0","0","0","0","0","0"
"McCabe, Gavin","Ind","DL","Fr","459","WW","@FLInt Sat 7:00PM","0","0","10","-","-","0","0","0","0","0","0","0","0","0","0","0","0","0"
"McCallum, Lane","Neb","DB","Fr","460","FA","Akr Sat 8:00PM","0","0","9","-","-","0","0","0","0","0","0","0","0","0","0","0","0","0"
"McCullough, Ahmad","MD","LB","Fr","461","WW","Tex Sat 12:00PM","0","0","5","-","-","0","0","0","0","0","0","0","0","0","0","0","0","0"
"McCurry, Ryan","Mich","DB","Fr","462","WW","@ND Sat 7:30PM","0","0","9","-","-","0","0","0","0","0","0","0","0","0","0","0","0","0"
"McDonald, Bishop","Minn","DB","Jr","463","FA","NMSt Thu 7:00PM","0","0","5","-","-","0","0","0","0","0","0","0","0","0","0","0","0","0"
"McDonald, Jayden","Iowa","LB","Fr","464","FA","NIU Sat 3:30PM","0","0","5","-","-","0","0","0","0","0","0","0","0","0","0","0","0","0"
"McDonald, Jeremiah","NW","DB","Fr","465","FA","@Purd Thu 8:00PM","0","0","4","-","-","0","0","0","0","0","0","0","0","0","0","0","0","0"
"McEachern, Alec","Ill","LB,DB","Fr","466","FA","Kent Sat 12:00PM","0","0","5","-","-","0","0","0","0","0","0","0","0","0","0","0","0","0"
"McGinnis, Michael","Ind","LB","Sr","467","FA","@FLInt Sat 7:00PM","0","0","10","-","-","0","0","0","0","0.0","0","0","0","0","0","0","0","0"
"McGrone, Cameron","Mich","LB","Fr","468","WW","@ND Sat 7:30PM","0","0","9","-","-","0","0","0","0","0","0","0","0","0","0","0","0","0"
"McIntyre, Peter","NW","LB","Fr","469","FA","@Purd Thu 8:00PM","0","0","4","-","-","0","0","0","0","0","0","0","0","0","0","0","0","0"
"McLean, Adam","MD","DL","Jr","470","FA","Tex Sat 12:00PM","0","0","5","-","-","0","0","0","0","0.0","0","0","0","0","0","0","0","0"
"McPhearson, Zech","PSU","DB","So","471","FA","App Sat 3:30PM","0","0","6","-","-","0","0","0","0","0","0","0","0","0","0","0","0","0"
"McWilliams III, Robert","Purd","DL","Fr","472","FA","NW Thu 8:00PM","0","0","6","-","-","0","0","0","0","0","0","0","0","0","0","0","0","0"
"Mcfadden, Micah","Ind","LB","Fr","473","WW","@FLInt Sat 7:00PM","0","0","10","-","-","0","0","0","0","0","0","0","0","0","0","0","0","0"
"Merriweather, Kaevon","Iowa","DB","Fr","474","FA","NIU Sat 3:30PM","0","0","5","-","-","0","0","0","0","0","0","0","0","0","0","0","0","0"
"Metellus, Josh","Mich","DB","Jr","475","FA","@ND Sat 7:30PM","0","0","9","-","-","0","0","0","0","0","0","0","0","0","0","0","0","0"
"Mickens, Zamir","Rut","DB","Fr","476","WW","TxSt Sat 12:00PM","0","0","9","-","-","0","0","0","0","0","0","0","0","0","0","0","0","0"
"Milan, Jamal","Ill","DL","Jr","477","FA","Kent Sat 12:00PM","0","0","5","-","-","0","0","0","0","0.0","0","0","0","0","0","0","0","0"
"Milani, John","Iowa","DB","Jr","478","FA","NIU Sat 3:30PM","0","0","5","-","-","0","0","0","0","0.0","0","0","0","0","0","0","0","0"
"Miller, Alex","NW","DL","Jr","479","FA","@Purd Thu 8:00PM","0","0","4","-","-","0","0","0","0","0","0","0","0","0","0","0","0","0"
"Miller, B'Ahmad","MD","DL","Fr","480","FA","Tex Sat 12:00PM","0","0","5","-","-","0","0","0","0","0","0","0","0","0","0","0","0","0"
"Miller, Bruce","MD","LB","Sr","481","FA","Tex Sat 12:00PM","0","0","5","-","-","0","0","0","0","0","0","0","0","0","0","0","0","0"
"Miller, Collin","Neb","LB","So","482","FA","Akr Sat 8:00PM","0","0","9","-","-","0","0","0","0","0","0","0","0","0","0","0","0","0"
"Miller, James","Ind","LB","Fr","483","WW","@FLInt Sat 7:00PM","0","0","10","-","-","0","0","0","0","0","0","0","0","0","0","0","0","0"
"Miller, Jarvis","PSU","LB","Jr","484","FA","App Sat 3:30PM","0","0","6","-","-","0","0","0","0","0.0","0","0","0","0","0","0","0","0"
"Miller, Samdup","NW","DL","So","485","FA","@Purd Thu 8:00PM","0","0","4","-","-","0","0","0","0","0","0","0","0","0","0","0","0","0"
"Miller, Shareef","PSU","DL","Jr","486","FA","App Sat 3:30PM","0","0","6","-","-","0","0","0","0","0.0","0","0","0","0","0","0","0","0"
"Miner, Jordan","PSU","DB","Fr","487","FA","App Sat 3:30PM","0","0","6","-","-","0","0","0","0","0","0","0","0","0","0","0","0","0"
"Mitchell, Matt","Mich","DB","Sr","488","FA","@ND Sat 7:30PM","0","0","9","-","-","0","0","0","0","0.0","0","0","0","0","0","0","0","0"
"Mitchell, Teradja","OHSt","LB","Fr","489","FA","OreSt Sat 12:00PM","0","0","9","-","-","0","0","0","0","0","0","0","0","0","0","0","0","0"
"Mondesir, Marc","Ill","DL,LB","So","490","FA","Kent Sat 12:00PM","0","0","5","-","-","0","0","0","0","0","0","0","0","0","0","0","0","0"
"Mone, Bryan","Mich","DL","Sr","491","FA","@ND Sat 7:30PM","0","0","9","-","-","0","0","0","0","0.0","0","0","0","0","0","0","0","0"
"Monroe, Ayron","PSU","DB","Jr","492","FA","App Sat 3:30PM","0","0","6","-","-","0","0","0","0","0.0","0","0","0","0","0","0","0","0"
"Montgomery, Freddie","MD","DB","So","493","WW","Tex Sat 12:00PM","0","0","5","-","-","0","0","0","0","0","0","0","0","0","0","0","0","0"
"Montgomery, Ken","MD","DB","Fr","494","WW","Tex Sat 12:00PM","0","0","5","-","-","0","0","0","0","0","0","0","0","0","0","0","0","0"
"Moore, Gary","Minn","DL","Sr","495","FA","NMSt Thu 7:00PM","0","0","5","-","-","0","0","0","0","0.0","0","0","0","0","0","0","0","0"
"Morgan, Cade","Purd","LB","Fr","496","WW","NW Thu 8:00PM","0","0","6","-","-","0","0","0","0","0","0","0","0","0","0","0","0","0"
"Morrison, Jake","Iowa","DL","Fr","497","WW","NIU Sat 3:30PM","0","0","5","-","-","0","0","0","0","0","0","0","0","0","0","0","0","0"
"Mosley, Jordan","MD","LB","Fr","498","FA","Tex Sat 12:00PM","0","0","5","-","-","0","0","0","0","0","0","0","0","0","0","0","0","0"
"Mosley, Navon","Purd","DB","Jr","499","FA","NW Thu 8:00PM","0","0","6","-","-","0","0","0","0","0","0","0","0","0","0","0","0","0"
"Moss, Riley","Iowa","DB","Fr","500","WW","NIU Sat 3:30PM","0","0","5","-","-","0","0","0","0","0","0","0","0","0","0","0","0","0"
"Mossburg, Brent","MSU","LB","Fr","501","FA","UtSt Fri 7:00PM","0","0","3","-","-","0","0","0","0","0","0","0","0","0","0","0","0","0"
"Mueller, Erik","NW","LB","So","502","FA","@Purd Thu 8:00PM","0","0","4","-","-","0","0","0","0","0","0","0","0","0","0","0","0","0"
"Mullens, Isaiah","Wisc","DL","Fr","503","WW","W Ky Fri 9:00PM","0","0","5","-","-","0","0","0","0","0","0","0","0","0","0","0","0","0"
"Murtaugh, Drew","Ill","LB","So","504","FA","Kent Sat 12:00PM","0","0","5","-","-","0","0","0","0","0","0","0","0","0","0","0","0","0"
"Mustipher, PJ","PSU","DL","Fr","505","FA","App Sat 3:30PM","0","0","6","-","-","0","0","0","0","0","0","0","0","0","0","0","0","0"
"Myers, Carl","Mich","DL","Jr","506","FA","@ND Sat 7:30PM","0","0","9","-","-","0","0","0","0","0","0","0","0","0","0","0","0","0"
"N-Okonji, Abi","Minn","DL","Fr","507","FA","NMSt Thu 7:00PM","0","0","5","-","-","0","0","0","0","0","0","0","0","0","0","0","0","0"
"Nchami, Durell","MD","LB","Fr","508","FA","Tex Sat 12:00PM","0","0","5","-","-","0","0","0","0","0","0","0","0","0","0","0","0","0"
"Neal, DaiShon","Neb","DL","Jr","509","FA","Akr Sat 8:00PM","0","0","9","-","-","0","0","0","0","0.0","0","0","0","0","0","0","0","0"
"Neal, Lorenzo","Purd","DL","Jr","510","FA","NW Thu 8:00PM","0","0","6","-","-","0","0","0","0","0","0","0","0","0","0","0","0","0"
"Neff, Justin","PSU","DB","Fr","511","FA","App Sat 3:30PM","0","0","6","-","-","0","0","0","0","0","0","0","0","0","0","0","0","0"
"Nelson, Anthony","Iowa","DL","Jr","512","FA","NIU Sat 3:30PM","0","0","5","-","-","0","0","0","0","0.0","0","0","0","0","0","0","0","0"
"Nelson, Nathan","Iowa","DL","Fr","513","FA","NIU Sat 3:30PM","0","0","5","-","-","0","0","0","0","0","0","0","0","0","0","0","0","0"
"Nelson, Ryan","Mich","LB","Fr","514","WW","@ND Sat 7:30PM","0","0","9","-","-","0","0","0","0","0","0","0","0","0","0","0","0","0"
"Nelson, Scott","Wisc","DB","Fr","515","FA","W Ky Fri 9:00PM","0","0","5","-","-","0","0","0","0","0","0","0","0","0","0","0","0","0"
"Newborg, Jake","Iowa","DL","Jr","516","FA","NIU Sat 3:30PM","0","0","5","-","-","0","0","0","0","0","0","0","0","0","0","0","0","0"
"Newell, Peyton","Neb","DL","Sr","517","FA","Akr Sat 8:00PM","0","0","9","-","-","0","0","0","0","0.0","0","0","0","0","0","0","0","0"
"Newsome II, Greg","NW","DB","Fr","518","FA","@Purd Thu 8:00PM","0","0","4","-","-","0","0","0","0","0","0","0","0","0","0","0","0","0"
"Niemann, Nick","Iowa","LB","So","519","FA","NIU Sat 3:30PM","0","0","5","-","-","0","0","0","0","0","0","0","0","0","0","0","0","0"
"Nixon, Daviyon","Iowa","DL","So","520","FA","NIU Sat 3:30PM","0","0","5","-","-","0","0","0","0","0","0","0","0","0","0","0","0","0"
"Norman, Jiah","MSU","DB","Fr","521","FA","UtSt Fri 7:00PM","0","0","3","-","-","0","0","0","0","0","0","0","0","0","0","0","0","0"
"Norris, Madison","Ind","DL","Fr","522","WW","@FLInt Sat 7:00PM","0","0","10","-","-","0","0","0","0","0","0","0","0","0","0","0","0","0"
"Novak-Goar, Connor","Minn","DL","So","523","FA","NMSt Thu 7:00PM","0","0","5","-","-","0","0","0","0","0","0","0","0","0","0","0","0","0"
"Nwankwo, Chike","Rut","LB","Fr","524","WW","TxSt Sat 12:00PM","0","0","9","-","-","0","0","0","0","0","0","0","0","0","0","0","0","0"
"O'Rourke, Devin","NW","DL","Fr","525","FA","@Purd Thu 8:00PM","0","0","4","-","-","0","0","0","0","0","0","0","0","0","0","0","0","0"
"Offerdahl, Jameson","Mich","LB","Sr","526","FA","@ND Sat 7:30PM","0","0","9","-","-","0","0","0","0","0.0","0","0","0","0","0","0","0","0"
"Ojemudia, Michael","Iowa","DB","Jr","527","FA","NIU Sat 3:30PM","0","0","5","-","-","0","0","0","0","0.0","0","0","0","0","0","0","0","0"
"Okudah, Jeffrey","OHSt","DB","So","528","FA","OreSt Sat 12:00PM","0","0","9","-","-","0","0","0","0","0","0","0","0","0","0","0","0","0"
"Oladipo, Lere","Ill","DL","Fr","529","FA","Kent Sat 12:00PM","0","0","5","-","-","0","0","0","0","0","0","0","0","0","0","0","0","0"
"Olayinka, Oladimeji","MD","LB","Fr","530","WW","Tex Sat 12:00PM","0","0","5","-","-","0","0","0","0","0","0","0","0","0","0","0","0","0"
"Oliver, Braelen","Minn","LB","Fr","531","FA","NMSt Thu 7:00PM","0","0","5","-","-","0","0","0","0","0","0","0","0","0","0","0","0","0"
"Oliver, Tymir","Ill","DL","Jr","532","FA","Kent Sat 12:00PM","0","0","5","-","-","0","0","0","0","0","0","0","0","0","0","0","0","0"
"Oluwatimi, Oluwaseun","MD","DL","Jr","533","FA","Tex Sat 12:00PM","0","0","5","-","-","0","0","0","0","0","0","0","0","0","0","0","0","0"
"Onyekwere, Chigozie","MD","DB","Sr","534","WW","Tex Sat 12:00PM","0","0","5","-","-","0","0","0","0","0","0","0","0","0","0","0","0","0"
"Ostrowski, Jake","Ind","DL","Fr","535","FA","@FLInt Sat 7:00PM","0","0","10","-","-","0","0","0","0","0","0","0","0","0","0","0","0","0"
"Otomewo, Esezi","Minn","DL","Fr","536","FA","NMSt Thu 7:00PM","0","0","5","-","-","0","0","0","0","0","0","0","0","0","0","0","0","0"
"Oweh, Jayson","PSU","DL","Fr","537","FA","App Sat 3:30PM","0","0","6","-","-","0","0","0","0","0","0","0","0","0","0","0","0","0"
"Owens, Gerald","MSU","DL","Sr","538","FA","UtSt Fri 7:00PM","0","0","3","-","-","0","0","0","0","0.0","0","0","0","0","0","0","0","0"
"Pace, JR","NW","DB","So","539","FA","@Purd Thu 8:00PM","0","0","4","-","-","0","0","0","0","0","0","0","0","0","0","0","0","0"
"Paea, Phillip","Mich","DL","So","540","FA","@ND Sat 7:30PM","0","0","9","-","-","0","0","0","0","0","0","0","0","0","0","0","0","0"
"Panasiuk, Jacub","MSU","DL","So","541","FA","UtSt Fri 7:00PM","0","0","3","-","-","0","0","0","0","0","0","0","0","0","0","0","0","0"
"Panasiuk, Mike","MSU","DL","Jr","542","FA","UtSt Fri 7:00PM","0","0","3","-","-","0","0","0","0","0","0","0","0","0","0","0","0","0"
"Parsons, Micah","PSU","LB","Fr","543","FA","App Sat 3:30PM","0","0","6","-","-","0","0","0","0","0","0","0","0","0","0","0","0","0"
"Pate, Deon","Ill","DL","Fr","544","FA","Kent Sat 12:00PM","0","0","5","-","-","0","0","0","0","0","0","0","0","0","0","0","0","0"
"Paul, Jarrett","Rut","DB","Fr","545","WW","TxSt Sat 12:00PM","0","0","9","-","-","0","0","0","0","0","0","0","0","0","0","0","0","0"
"Paup, Jordan","Neb","DL,LB","Fr","546","FA","Akr Sat 8:00PM","0","0","9","-","-","0","0","0","0","0","0","0","0","0","0","0","0","0"
"Paye, Kwity","Mich","DL","So","547","FA","@ND Sat 7:30PM","0","0","9","-","-","0","0","0","0","0","0","0","0","0","0","0","0","0"
"Pearl, Julian","Ill","DL","Fr","548","FA","Kent Sat 12:00PM","0","0","5","-","-","0","0","0","0","0","0","0","0","0","0","0","0","0"
"Pearson, Reggie","Wisc","DB","Fr","549","FA","W Ky Fri 9:00PM","0","0","5","-","-","0","0","0","0","0","0","0","0","0","0","0","0","0"
"Perkins, Byron","Purd","DB","Fr","550","WW","NW Thu 8:00PM","0","0","6","-","-","0","0","0","0","0","0","0","0","0","0","0","0","0"
"Person, Tre","MSU","DB","So","551","FA","UtSt Fri 7:00PM","0","0","3","-","-","0","0","0","0","0","0","0","0","0","0","0","0","0"
"Peterson, Jordan","Ind","DB","So","552","FA","@FLInt Sat 7:00PM","0","0","10","-","-","0","0","0","0","0","0","0","0","0","0","0","0","0"
"Petrishen, John","PSU","DB","Jr","553","FA","App Sat 3:30PM","0","0","6","-","-","0","0","0","0","0.0","0","0","0","0","0","0","0","0"
"Pfaff, David","Wisc","DL","Jr","554","FA","W Ky Fri 9:00PM","0","0","5","-","-","0","0","0","0","0.0","0","0","0","0","0","0","0","0"
"Phillips, Del'Shawn","Ill","LB","Sr","555","FA","Kent Sat 12:00PM","0","0","5","-","-","0","0","0","0","0","0","0","0","0","0","0","0","0"
"Piche, Owen","Minn","LB","Fr","556","FA","NMSt Thu 7:00PM","0","0","5","-","-","0","0","0","0","0","0","0","0","0","0","0","0","0"
"Pierre, Noah","Ind","DB","Fr","557","WW","@FLInt Sat 7:00PM","0","0","10","-","-","0","0","0","0","0","0","0","0","0","0","0","0","0"
"Platter, Mason","Wisc","LB","Fr","558","WW","W Ky Fri 9:00PM","0","0","5","-","-","0","0","0","0","0","0","0","0","0","0","0","0","0"
"Pope, K'Vaughan","OHSt","LB","Fr","559","FA","OreSt Sat 12:00PM","0","0","9","-","-","0","0","0","0","0","0","0","0","0","0","0","0","0"
"Presta, Evan","PSU","DL","Fr","560","FA","App Sat 3:30PM","0","0","6","-","-","0","0","0","0","0","0","0","0","0","0","0","0","0"
"Preston, Keldric","Wisc","DL","So","561","FA","W Ky Fri 9:00PM","0","0","5","-","-","0","0","0","0","0","0","0","0","0","0","0","0","0"
"Previlon, Willington","Rut","DL","Jr","562","FA","TxSt Sat 12:00PM","0","0","9","-","-","0","0","0","0","0.0","0","0","0","0","0","0","0","0"
"Proctor, Josh","OHSt","DB","Fr","563","FA","OreSt Sat 12:00PM","0","0","9","-","-","0","0","0","0","0","0","0","0","0","0","0","0","0"
"Pryor, Corey","MSU","DB","So","564","FA","UtSt Fri 7:00PM","0","0","3","-","-","0","0","0","0","0","0","0","0","0","0","0","0","0"
"Pryor, Isaiah","OHSt","DB","So","565","FA","OreSt Sat 12:00PM","0","0","9","-","-","0","0","0","0","0","0","0","0","0","0","0","0","0"
"Rand, Garrett","Wisc","DL","Jr","566","FA","W Ky Fri 9:00PM","0","0","5","-","-","0","0","0","0","0","0","0","0","0","0","0","0","0"
"Randall, Zach","Purd","LB","Fr","567","FA","NW Thu 8:00PM","0","0","6","-","-","0","0","0","0","0","0","0","0","0","0","0","0","0"
"Randle, Brandon","MSU","LB","So","568","FA","UtSt Fri 7:00PM","0","0","3","-","-","0","0","0","0","0","0","0","0","0","0","0","0","0"
"Razzano, Dante","MSU","LB","So","569","FA","UtSt Fri 7:00PM","0","0","3","-","-","0","0","0","0","0","0","0","0","0","0","0","0","0"
"Recio, Freddie","Rut","DL","Fr","570","WW","TxSt Sat 12:00PM","0","0","9","-","-","0","0","0","0","0","0","0","0","0","0","0","0","0"
"Reece, Tramar","Ind","DL","Fr","571","FA","@FLInt Sat 7:00PM","0","0","10","-","-","0","0","0","0","0","0","0","0","0","0","0","0","0"
"Reeves, Geoffrey","Mich","LB","Jr","572","WW","@ND Sat 7:30PM","0","0","9","-","-","0","0","0","0","0","0","0","0","0","0","0","0","0"
"Reiff, Brady","Iowa","DL","Jr","573","FA","NIU Sat 3:30PM","0","0","5","-","-","0","0","0","0","0.0","0","0","0","0","0","0","0","0"
"Reigelsperger, Alex","Minn","DL","Fr","574","FA","NMSt Thu 7:00PM","0","0","5","-","-","0","0","0","0","0","0","0","0","0","0","0","0","0"
"Renner, Sam","Minn","DL","Jr","575","FA","NMSt Thu 7:00PM","0","0","5","-","-","0","0","0","0","0.0","0","0","0","0","0","0","0","0"
"Reviere, Giovanni","Purd","DL","Fr","576","FA","NW Thu 8:00PM","0","0","6","-","-","0","0","0","0","0","0","0","0","0","0","0","0","0"
"Reynolds, Hunter","Mich","DB","So","577","FA","@ND Sat 7:30PM","0","0","9","-","-","0","0","0","0","0","0","0","0","0","0","0","0","0"
"Richardson, Antwaine","MD","DB","Jr","578","FA","Tex Sat 12:00PM","0","0","5","-","-","0","0","0","0","0","0","0","0","0","0","0","0","0"
"Riep, Amir","OHSt","DB","So","579","FA","OreSt Sat 12:00PM","0","0","9","-","-","0","0","0","0","0","0","0","0","0","0","0","0","0"
"Riggins, A'Shon","Ind","DB","Jr","580","FA","@FLInt Sat 7:00PM","0","0","10","-","-","0","0","0","0","0","0","0","0","0","0","0","0","0"
"Riggs, Mitch","Iowa","LB","Fr","581","FA","NIU Sat 3:30PM","0","0","5","-","-","0","0","0","0","0","0","0","0","0","0","0","0","0"
"Rivera, Celso","MD","DL","Sr","582","FA","Tex Sat 12:00PM","0","0","5","-","-","0","0","0","0","0","0","0","0","0","0","0","0","0"
"Rivers, Jaylen","NW","LB","Fr","583","FA","@Purd Thu 8:00PM","0","0","4","-","-","0","0","0","0","0","0","0","0","0","0","0","0","0"
"Roane, Micah","Minn","DL","Fr","584","FA","NMSt Thu 7:00PM","0","0","5","-","-","0","0","0","0","0","0","0","0","0","0","0","0","0"
"Roberge, Gunnar","Wisc","DL","Jr","585","FA","W Ky Fri 9:00PM","0","0","5","-","-","0","0","0","0","0.0","0","0","0","0","0","0","0","0"
"Roberts, Avery","Neb","LB","So","586","FA","Akr Sat 8:00PM","0","0","9","-","-","0","0","0","0","0","0","0","0","0","0","0","0","0"
"Roberts, Terry","Iowa","DB","Fr","587","FA","NIU Sat 3:30PM","0","0","5","-","-","0","0","0","0","0","0","0","0","0","0","0","0","0"
"Robinson, Malcolm","Minn","DL","Fr","588","FA","NMSt Thu 7:00PM","0","0","5","-","-","0","0","0","0","0","0","0","0","0","0","0","0","0"
"Rogers, Casey","Neb","DL","Fr","589","FA","Akr Sat 8:00PM","0","0","9","-","-","0","0","0","0","0","0","0","0","0","0","0","0","0"
"Rogers, Lawtez","MD","DL","Fr","590","FA","Tex Sat 12:00PM","0","0","5","-","-","0","0","0","0","0","0","0","0","0","0","0","0","0"
"Romano, Cody","PSU","DB","Fr","591","WW","App Sat 3:30PM","0","0","6","-","-","0","0","0","0","0","0","0","0","0","0","0","0","0"
"Roof, T.D.","Ind","LB","So","592","FA","@FLInt Sat 7:00PM","0","0","10","-","-","0","0","0","0","0","0","0","0","0","0","0","0","0"
"Rosa, Austin","Rut","LB","Jr","593","FA","TxSt Sat 12:00PM","0","0","9","-","-","0","0","0","0","0.0","0","0","0","0","0","0","0","0"
"Ross, Josh","Mich","LB","So","594","FA","@ND Sat 7:30PM","0","0","9","-","-","0","0","0","0","0","0","0","0","0","0","0","0","0"
"Rothman, Quinn","Mich","DB","Fr","595","WW","@ND Sat 7:30PM","0","0","9","-","-","0","0","0","0","0","0","0","0","0","0","0","0","0"
"Roundtree, Bobby","Ill","DL","So","596","FA","Kent Sat 12:00PM","0","0","5","-","-","0","0","0","0","0","0","0","0","0","0","0","0","0"
"Rucker, Jordan","Purd","DB","Fr","597","WW","NW Thu 8:00PM","0","0","6","-","-","0","0","0","0","0","0","0","0","0","0","0","0","0"
"Ruiz, Cameron","NW","DB","Fr","598","FA","@Purd Thu 8:00PM","0","0","4","-","-","0","0","0","0","0","0","0","0","0","0","0","0","0"
"Rush, Thomas","Minn","LB","Fr","599","FA","NMSt Thu 7:00PM","0","0","5","-","-","0","0","0","0","0","0","0","0","0","0","0","0","0"
"Russell, Joe","Minn","LB","Fr","600","FA","NMSt Thu 7:00PM","0","0","5","-","-","0","0","0","0","0","0","0","0","0","0","0","0","0"
"Ruth, Corbin","Neb","DB","Fr","601","FA","Akr Sat 8:00PM","0","0","9","-","-","0","0","0","0","0","0","0","0","0","0","0","0","0"
"Saine, Oseh","MD","DL","So","602","FA","Tex Sat 12:00PM","0","0","5","-","-","0","0","0","0","0.0","0","0","0","0","0","0","0","0"
"Sanborn, Jack","Wisc","LB","Fr","603","WW","W Ky Fri 9:00PM","0","0","5","-","-","0","0","0","0","0","0","0","0","0","0","0","0","0"
"Sapp III, Benny","Minn","DB","Fr","604","FA","NMSt Thu 7:00PM","0","0","5","-","-","0","0","0","0","0","0","0","0","0","0","0","0","0"
"Saunders, Jake","NW","DL","So","605","FA","@Purd Thu 8:00PM","0","0","4","-","-","0","0","0","0","0","0","0","0","0","0","0","0","0"
"Schneider, Connor","Ind","DL","Fr","606","WW","@FLInt Sat 7:00PM","0","0","10","-","-","0","0","0","0","0","0","0","0","0","0","0","0","0"
"Schoenfelder, Bailey","Minn","LB","So","607","FA","NMSt Thu 7:00PM","0","0","5","-","-","0","0","0","0","0","0","0","0","0","0","0","0","0"
"Schommer, Ryan","Neb","DL,LB","Fr","608","FA","Akr Sat 8:00PM","0","0","9","-","-","0","0","0","0","0","0","0","0","0","0","0","0","0"
"Schulte, Austin","Iowa","DL","So","609","FA","NIU Sat 3:30PM","0","0","5","-","-","0","0","0","0","0","0","0","0","0","0","0","0","0"
"Scott, Josiah","MSU","DB","So","610","FA","UtSt Fri 7:00PM","0","0","3","-","-","0","0","0","0","0","0","0","0","0","0","0","0","0"
"Sermons, Donovan","NW","DB","Fr","611","FA","@Purd Thu 8:00PM","0","0","4","-","-","0","0","0","0","0","0","0","0","0","0","0","0","0"
"Shannon, Noah","Iowa","DL","Fr","612","FA","NIU Sat 3:30PM","0","0","5","-","-","0","0","0","0","0","0","0","0","0","0","0","0","0"
"Sheffield, Kendall","OHSt","DB","Jr","613","FA","OreSt Sat 12:00PM","0","0","9","-","-","0","0","0","0","0.0","0","0","0","0","0","0","0","0"
"Shefke, Collin","Neb","DL","Fr","614","FA","Akr Sat 8:00PM","0","0","9","-","-","0","0","0","0","0","0","0","0","0","0","0","0","0"
"Shelton, Antonio","PSU","DL","So","615","FA","App Sat 3:30PM","0","0","6","-","-","0","0","0","0","0","0","0","0","0","0","0","0","0"
"Shibley, Adam","Mich","LB","So","616","FA","@ND Sat 7:30PM","0","0","9","-","-","0","0","0","0","0","0","0","0","0","0","0","0","0"
"Shogbonyo, Ayo","Ill","DL,LB","So","617","FA","Kent Sat 12:00PM","0","0","5","-","-","0","0","0","0","0","0","0","0","0","0","0","0","0"
"Silver, Royal","Minn","DL","Jr","618","FA","NMSt Thu 7:00PM","0","0","5","-","-","0","0","0","0","0","0","0","0","0","0","0","0","0"
"Simmons, Antjuan","MSU","LB","So","619","FA","UtSt Fri 7:00PM","0","0","3","-","-","0","0","0","0","0","0","0","0","0","0","0","0","0"
"Simmons, Shane","PSU","DL","So","620","FA","App Sat 3:30PM","0","0","6","-","-","0","0","0","0","0","0","0","0","0","0","0","0","0"
"Simon, Brandon","Iowa","DL","So","621","FA","NIU Sat 3:30PM","0","0","5","-","-","0","0","0","0","0","0","0","0","0","0","0","0","0"
"Sims, Myles","Mich","DB","Fr","622","FA","@ND Sat 7:30PM","0","0","9","-","-","0","0","0","0","0","0","0","0","0","0","0","0","0"
"Singleton, Drew","Mich","LB","So","623","FA","@ND Sat 7:30PM","0","0","9","-","-","0","0","0","0","0","0","0","0","0","0","0","0","0"
"Slusher, Samuel","Ind","LB,DB","Fr","624","FA","@FLInt Sat 7:00PM","0","0","10","-","-","0","0","0","0","0","0","0","0","0","0","0","0","0"
"Smiley, Simeon","Purd","DB","So","625","FA","NW Thu 8:00PM","0","0","6","-","-","0","0","0","0","0","0","0","0","0","0","0","0","0"
"Smith, Alexander","Wisc","DB","Fr","626","WW","W Ky Fri 9:00PM","0","0","5","-","-","0","0","0","0","0","0","0","0","0","0","0","0","0"
"Smith, CJ","Minn","DB","Fr","627","FA","NMSt Thu 7:00PM","0","0","5","-","-","0","0","0","0","0","0","0","0","0","0","0","0","0"
"Smith, CJ","Neb","DB","Fr","628","FA","Akr Sat 8:00PM","0","0","9","-","-","0","0","0","0","0","0","0","0","0","0","0","0","0"
"Smith, Kadin","Purd","DB","Fr","629","WW","NW Thu 8:00PM","0","0","6","-","-","0","0","0","0","0","0","0","0","0","0","0","0","0"
"Smith, O.J.","Minn","DL","Sr","630","FA","NMSt Thu 7:00PM","0","0","5","-","-","0","0","0","0","0.0","0","0","0","0","0","0","0","0"
"Smith, Terell","Minn","DB","Fr","631","FA","NMSt Thu 7:00PM","0","0","5","-","-","0","0","0","0","0","0","0","0","0","0","0","0","0"
"Smith, Tyreke","OHSt","DL","Fr","632","FA","OreSt Sat 12:00PM","0","0","9","-","-","0","0","0","0","0","0","0","0","0","0","0","0","0"
"Sokol, Mitchell","MSU","LB","Fr","633","FA","UtSt Fri 7:00PM","0","0","3","-","-","0","0","0","0","0","0","0","0","0","0","0","0","0"
"Solomon, Aubrey","Mich","DL","So","634","FA","@ND Sat 7:30PM","0","0","9","-","-","0","0","0","0","0","0","0","0","0","0","0","0","0"
"Sori-Marin, Mariano","Minn","LB","Fr","635","FA","NMSt Thu 7:00PM","0","0","5","-","-","0","0","0","0","0","0","0","0","0","0","0","0","0"
"Spence, Cam","MD","DL","Fr","636","FA","Tex Sat 12:00PM","0","0","5","-","-","0","0","0","0","0","0","0","0","0","0","0","0","0"
"Spivak, Joe","NW","DL","So","637","FA","@Purd Thu 8:00PM","0","0","4","-","-","0","0","0","0","0","0","0","0","0","0","0","0","0"
"St-Juste, Benjamin","Mich","DB","So","638","FA","@ND Sat 7:30PM","0","0","9","-","-","0","0","0","0","0","0","0","0","0","0","0","0","0"
"Stalbird, Isaiah","Neb","DB","Fr","639","FA","Akr Sat 8:00PM","0","0","9","-","-","0","0","0","0","0","0","0","0","0","0","0","0","0"
"Stallings IV, Allen","Ind","DL","Jr","640","FA","@FLInt Sat 7:00PM","0","0","10","-","-","0","0","0","0","0","0","0","0","0","0","0","0","0"
"Stamm, Andrew","Ind","LB","So","641","FA","@FLInt Sat 7:00PM","0","0","10","-","-","0","0","0","0","0","0","0","0","0","0","0","0","0"
"Stevens, Lawrence","Rut","DB","So","642","FA","TxSt Sat 12:00PM","0","0","9","-","-","0","0","0","0","0","0","0","0","0","0","0","0","0"
"Stille, Ben","Neb","DL,LB","So","643","FA","Akr Sat 8:00PM","0","0","9","-","-","0","0","0","0","0","0","0","0","0","0","0","0","0"
"Stokes, KJ","Purd","DL","Fr","644","WW","NW Thu 8:00PM","0","0","6","-","-","0","0","0","0","0","0","0","0","0","0","0","0","0"
"Stokke, Mason","Wisc","LB","So","645","FA","W Ky Fri 9:00PM","0","0","5","-","-","0","0","0","0","0","0","0","0","0","0","0","0","0"
"Stone, Geno","Iowa","DB","So","646","FA","NIU Sat 3:30PM","0","0","5","-","-","0","0","0","0","0","0","0","0","0","0","0","0","0"
"Stovall, Jeramiah","Neb","DB","Jr","647","FA","Akr Sat 8:00PM","0","0","9","-","-","0","0","0","0","0","0","0","0","0","0","0","0","0"
"Strazzanti, Alex","Minn","DB","Fr","648","FA","NMSt Thu 7:00PM","0","0","5","-","-","0","0","0","0","0","0","0","0","0","0","0","0","0"
"Strey, Marty","Wisc","LB","Fr","649","WW","W Ky Fri 9:00PM","0","0","5","-","-","0","0","0","0","0","0","0","0","0","0","0","0","0"
"Strieter, Owen","Ind","DB","Fr","650","FA","@FLInt Sat 7:00PM","0","0","10","-","-","0","0","0","0","0","0","0","0","0","0","0","0","0"
"Sullivan, Eli","Neb","DB","So","651","FA","Akr Sat 8:00PM","0","0","9","-","-","0","0","0","0","0","0","0","0","0","0","0","0","0"
"Sullivan, Jack","Purd","DL","Fr","652","WW","NW Thu 8:00PM","0","0","6","-","-","0","0","0","0","0","0","0","0","0","0","0","0","0"
"Sutherland, Jonathan","PSU","DB","Fr","653","FA","App Sat 3:30PM","0","0","6","-","-","0","0","0","0","0","0","0","0","0","0","0","0","0"
"Sweeney, Conor","Purd","DL","Sr","654","FA","NW Thu 8:00PM","0","0","6","-","-","0","0","0","0","0","0","0","0","0","0","0","0","0"
"Swenson, Calvin","Minn","DB","So","655","FA","NMSt Thu 7:00PM","0","0","5","-","-","0","0","0","0","0","0","0","0","0","0","0","0","0"
"Tannor, Caleb","Neb","LB","Fr","656","FA","Akr Sat 8:00PM","0","0","9","-","-","0","0","0","0","0","0","0","0","0","0","0","0","0"
"Tarburton, Nick","PSU","DL,LB","Fr","657","FA","App Sat 3:30PM","0","0","6","-","-","0","0","0","0","0","0","0","0","0","0","0","0","0"
"Taylor, Cam","Neb","DB","Fr","658","FA","Akr Sat 8:00PM","0","0","9","-","-","0","0","0","0","0","0","0","0","0","0","0","0","0"
"Taylor, Garrett","PSU","DB","Jr","659","FA","App Sat 3:30PM","0","0","6","-","-","0","0","0","0","0.0","0","0","0","0","0","0","0","0"
"Taylor, Manny","Rut","DL","Jr","660","FA","TxSt Sat 12:00PM","0","0","9","-","-","0","0","0","0","0","0","0","0","0","0","0","0","0"
"Teague, Jamaal","Minn","DL","Fr","661","FA","NMSt Thu 7:00PM","0","0","5","-","-","0","0","0","0","0","0","0","0","0","0","0","0","0"
"Thieneman, Brennan","Purd","DB","So","662","FA","NW Thu 8:00PM","0","0","6","-","-","0","0","0","0","0","0","0","0","0","0","0","0","0"
"Thieneman, Jacob","Purd","DB","Sr","663","FA","NW Thu 8:00PM","0","0","6","-","-","0","0","0","0","0.0","0","0","0","0","0","0","0","0"
"Thomas, Ambry","Mich","DB","So","664","FA","@ND Sat 7:30PM","0","0","9","-","-","0","0","0","0","0","0","0","0","0","0","0","0","0"
"Thomas, Deontre","Neb","DL","So","665","FA","Akr Sat 8:00PM","0","0","9","-","-","0","0","0","0","0","0","0","0","0","0","0","0","0"
"Thomas, Guy","Neb","LB","Fr","666","FA","Akr Sat 8:00PM","0","0","9","-","-","0","0","0","0","0","0","0","0","0","0","0","0","0"
"Thomas, Kiondre","Minn","DB","So","667","FA","NMSt Thu 7:00PM","0","0","5","-","-","0","0","0","0","0","0","0","0","0","0","0","0","0"
"Thomas, Matt","Rut","DL","Fr","668","WW","TxSt Sat 12:00PM","0","0","9","-","-","0","0","0","0","0","0","0","0","0","0","0","0","0"
"Thompson, Tyriq","MSU","LB","Jr","669","FA","UtSt Fri 7:00PM","0","0","3","-","-","0","0","0","0","0.0","0","0","0","0","0","0","0","0"
"Tiedt, Hegeman","Wisc","LB","So","670","FA","W Ky Fri 9:00PM","0","0","5","-","-","0","0","0","0","0","0","0","0","0","0","0","0","0"
"Timm, Mike","Iowa","LB","Fr","671","FA","NIU Sat 3:30PM","0","0","5","-","-","0","0","0","0","0","0","0","0","0","0","0","0","0"
"Todd, DeAri","MSU","DL","Fr","672","FA","UtSt Fri 7:00PM","0","0","3","-","-","0","0","0","0","0","0","0","0","0","0","0","0","0"
"Togiai, Tommy","OHSt","DL","Fr","673","FA","OreSt Sat 12:00PM","0","0","9","-","-","0","0","0","0","0","0","0","0","0","0","0","0","0"
"Tolson, Khalan","Ill","LB","Fr","674","FA","Kent Sat 12:00PM","0","0","5","-","-","0","0","0","0","0","0","0","0","0","0","0","0","0"
"Toney, Shaka","PSU","DL","So","675","FA","App Sat 3:30PM","0","0","6","-","-","0","0","0","0","0","0","0","0","0","0","0","0","0"
"Torchio, John","Wisc","DB","Fr","676","WW","W Ky Fri 9:00PM","0","0","5","-","-","0","0","0","0","0","0","0","0","0","0","0","0","0"
"Trice, Cory","Purd","DB","Fr","677","WW","NW Thu 8:00PM","0","0","6","-","-","0","0","0","0","0","0","0","0","0","0","0","0","0"
"Turner, Chazmyn","Purd","DL","Jr","678","WW","NW Thu 8:00PM","0","0","6","-","-","0","0","0","0","0.0","0","0","0","0","0","0","0","0"
"Turner, Josh","Iowa","DB","Fr","679","FA","NIU Sat 3:30PM","0","0","5","-","-","0","0","0","0","0","0","0","0","0","0","0","0","0"
"Turner, Julius","Rut","DL","So","680","FA","TxSt Sat 12:00PM","0","0","9","-","-","0","0","0","0","0","0","0","0","0","0","0","0","0"
"Tverdov, Mike","Rut","DL","Fr","681","FA","TxSt Sat 12:00PM","0","0","9","-","-","0","0","0","0","0","0","0","0","0","0","0","0","0"
"Uche, Josh","Mich","LB","Jr","682","FA","@ND Sat 7:30PM","0","0","9","-","-","0","0","0","0","0","0","0","0","0","0","0","0","0"
"Umlor, Nate","Minn","DL","So","683","FA","NMSt Thu 7:00PM","0","0","5","-","-","0","0","0","0","0","0","0","0","0","0","0","0","0"
"Underwood, Nick","MD","LB","Jr","684","FA","Tex Sat 12:00PM","0","0","5","-","-","0","0","0","0","0","0","0","0","0","0","0","0","0"
"Upshaw, Taylor","Mich","DL","Fr","685","FA","@ND Sat 7:30PM","0","0","9","-","-","0","0","0","0","0","0","0","0","0","0","0","0","0"
"Vainuku, Vaha","Neb","DL","Jr","686","FA","Akr Sat 8:00PM","0","0","9","-","-","0","0","0","0","0.0","0","0","0","0","0","0","0","0"
"Vasey, Dan","PSU","DL","Fr","687","FA","App Sat 3:30PM","0","0","6","-","-","0","0","0","0","0","0","0","0","0","0","0","0","0"
"Vilain, Luiji","Mich","DL","So","688","FA","@ND Sat 7:30PM","0","0","9","-","-","0","0","0","0","0","0","0","0","0","0","0","0","0"
"Vincent, Taron","OHSt","DL","Fr","689","FA","OreSt Sat 12:00PM","0","0","9","-","-","0","0","0","0","0","0","0","0","0","0","0","0","0"
"Volpentesta, Cristian","Wisc","DB","So","690","FA","W Ky Fri 9:00PM","0","0","5","-","-","0","0","0","0","0","0","0","0","0","0","0","0","0"
"Vopal, Aaron","Wisc","DL","Fr","691","FA","W Ky Fri 9:00PM","0","0","5","-","-","0","0","0","0","0","0","0","0","0","0","0","0","0"
"Vranic, Jason","PSU","LB","Sr","692","FA","App Sat 3:30PM","0","0","6","-","-","0","0","0","0","0","0","0","0","0","0","0","0","0"
"Wade, Barrington","Iowa","LB","So","693","FA","NIU Sat 3:30PM","0","0","5","-","-","0","0","0","0","0","0","0","0","0","0","0","0","0"
"Wade, Lamont","PSU","DB","So","694","FA","App Sat 3:30PM","0","0","6","-","-","0","0","0","0","0","0","0","0","0","0","0","0","0"
"Wade, Shaun","OHSt","DB","Fr","695","FA","OreSt Sat 12:00PM","0","0","9","-","-","0","0","0","0","0","0","0","0","0","0","0","0","0"
"Waggoner, John","Iowa","DL","Fr","696","FA","NIU Sat 3:30PM","0","0","5","-","-","0","0","0","0","0","0","0","0","0","0","0","0","0"
"Walker, Chris","Neb","DL","Fr","697","FA","Akr Sat 8:00PM","0","0","9","-","-","0","0","0","0","0","0","0","0","0","0","0","0","0"
"Walker, Nick","Ill","DB","So","698","FA","Kent Sat 12:00PM","0","0","5","-","-","0","0","0","0","0","0","0","0","0","0","0","0","0"
"Ware, Delano","Ill","DB","Fr","699","FA","Kent Sat 12:00PM","0","0","5","-","-","0","0","0","0","0","0","0","0","0","0","0","0","0"
"Warinner, Edward","MSU","LB","Fr","700","FA","UtSt Fri 7:00PM","0","0","3","-","-","0","0","0","0","0","0","0","0","0","0","0","0","0"
"Watkins, Cameron","Ill","DB","Jr","701","FA","Kent Sat 12:00PM","0","0","5","-","-","0","0","0","0","0.0","0","0","0","0","0","0","0","0"
"Watts, Anthony","Purd","DL","So","702","FA","NW Thu 8:00PM","0","0","6","-","-","0","0","0","0","0","0","0","0","0","0","0","0","0"
"Weinmaster, Jacob","Neb","LB","Jr","703","FA","Akr Sat 8:00PM","0","0","9","-","-","0","0","0","0","0.0","0","0","0","0","0","0","0","0"
"Welch, Kristian","Iowa","LB","Jr","704","FA","NIU Sat 3:30PM","0","0","5","-","-","0","0","0","0","0","0","0","0","0","0","0","0","0"
"Welschof, Julius","Mich","DL","Fr","705","WW","@ND Sat 7:30PM","0","0","9","-","-","0","0","0","0","0","0","0","0","0","0","0","0","0"
"Werner, Pete","OHSt","LB","So","706","FA","OreSt Sat 12:00PM","0","0","9","-","-","0","0","0","0","0","0","0","0","0","0","0","0","0"
"Whillock, Travis","NW","DB","So","707","FA","@Purd Thu 8:00PM","0","0","4","-","-","0","0","0","0","0","0","0","0","0","0","0","0","0"
"White, Victor","Minn","DL","So","708","FA","NMSt Thu 7:00PM","0","0","5","-","-","0","0","0","0","0","0","0","0","0","0","0","0","0"
"Wildeman, Tate","Neb","DL","Fr","709","FA","Akr Sat 8:00PM","0","0","9","-","-","0","0","0","0","0","0","0","0","0","0","0","0","0"
"Wilder, Collin","Wisc","DB","Jr","710","WW","W Ky Fri 9:00PM","0","0","5","-","-","0","0","0","0","0","0","0","0","0","0","0","0","0"
"Wildgoose, Rachad","Wisc","DB","Fr","711","WW","W Ky Fri 9:00PM","0","0","5","-","-","0","0","0","0","0","0","0","0","0","0","0","0","0"
"Willekes, Kenny","MSU","DL","Jr","712","FA","UtSt Fri 7:00PM","0","0","3","-","-","0","0","0","0","0.0","0","0","0","0","0","0","0","0"
"Williams, Alex","OHSt","DL","Fr","713","FA","OreSt Sat 12:00PM","0","0","9","-","-","0","0","0","0","0","0","0","0","0","0","0","0","0"
"Williams, Bennett","Ill","DB","So","714","FA","Kent Sat 12:00PM","0","0","5","-","-","0","0","0","0","0","0","0","0","0","0","0","0","0"
"Williams, Bryson","Wisc","DL","Fr","715","FA","W Ky Fri 9:00PM","0","0","5","-","-","0","0","0","0","0","0","0","0","0","0","0","0","0"
"Williams, Caesar","Wisc","DB","So","716","FA","W Ky Fri 9:00PM","0","0","5","-","-","0","0","0","0","0","0","0","0","0","0","0","0","0"
"Williams, Deontai","Neb","DB","So","717","FA","Akr Sat 8:00PM","0","0","9","-","-","0","0","0","0","0","0","0","0","0","0","0","0","0"
"Williams, Jaylin","Ind","DB","Fr","718","WW","@FLInt Sat 7:00PM","0","0","10","-","-","0","0","0","0","0","0","0","0","0","0","0","0","0"
"Williams, Jonah","Purd","LB","Fr","719","FA","NW Thu 8:00PM","0","0","6","-","-","0","0","0","0","0","0","0","0","0","0","0","0","0"
"Williams, Raequan","MSU","DL","Jr","720","FA","UtSt Fri 7:00PM","0","0","3","-","-","0","0","0","0","0.0","0","0","0","0","0","0","0","0"
"Williams, Trae","NW","DB","Jr","721","FA","@Purd Thu 8:00PM","0","0","4","-","-","0","0","0","0","0.0","0","0","0","0","0","0","0","0"
"Williamson, Chris","Minn","DB","Jr","722","FA","NMSt Thu 7:00PM","0","0","5","-","-","0","0","0","0","0.0","0","0","0","0","0","0","0","0"
"Williamson, Marcus","OHSt","DB","So","723","FA","OreSt Sat 12:00PM","0","0","9","-","-","0","0","0","0","0","0","0","0","0","0","0","0","0"
"Wilson, Brandon","Ind","DL","Jr","724","FA","@FLInt Sat 7:00PM","0","0","10","-","-","0","0","0","0","0.0","0","0","0","0","0","0","0","0"
"Windsor, Robert","PSU","DL","Jr","725","FA","App Sat 3:30PM","0","0","6","-","-","0","0","0","0","0.0","0","0","0","0","0","0","0","0"
"Winfield Jr., Antoine","Minn","DB","Jr","726","FA","NMSt Thu 7:00PM","0","0","5","-","-","0","0","0","0","0","0","0","0","0","0","0","0","0"
"Wint, Jahsen","OHSt","DB","So","727","FA","OreSt Sat 12:00PM","0","0","9","-","-","0","0","0","0","0","0","0","0","0","0","0","0","0"
"Woods, J'Marick","Mich","DB","So","728","FA","@ND Sat 7:30PM","0","0","9","-","-","0","0","0","0","0","0","0","0","0","0","0","0","0"
"Woods, Jamal","Ill","DL","So","729","FA","Kent Sat 12:00PM","0","0","5","-","-","0","0","0","0","0","0","0","0","0","0","0","0","0"
"Wyatt, Dylan","Ill","DB","Fr","730","FA","Kent Sat 12:00PM","0","0","5","-","-","0","0","0","0","0","0","0","0","0","0","0","0","0"
"Wyatt, Fred","NW","DL","Sr","731","FA","@Purd Thu 8:00PM","0","0","4","-","-","0","0","0","0","0.0","0","0","0","0","0","0","0","0"
"Yorey, Johnny","Rut","LB","Fr","732","WW","TxSt Sat 12:00PM","0","0","9","-","-","0","0","0","0","0","0","0","0","0","0","0","0","0"
"Young, Avery","Rut","DB","Fr","733","WW","TxSt Sat 12:00PM","0","0","9","-","-","0","0","0","0","0","0","0","0","0","0","0","0","0"
"Young, Chase","OHSt","DL","So","734","FA","OreSt Sat 12:00PM","0","0","9","-","-","0","0","0","0","0","0","0","0","0","0","0","0","0"
"Ziemba, Michael","Ind","DL","So","735","FA","@FLInt Sat 7:00PM","0","0","10","-","-","0","0","0","0","0","0","0","0","0","0","0","0","0"
