"Player","Team","Position","Year","Rk","Status","Opponent","FPts","FP/G","Bye","% Owned","+/-","GP","Yds","TD","Int","2Pa","Yds","TD","2Rc","Yds","TD","2Ru","FL","RtY","RtT"
"McSorley, Trace","PSU","QB,FLX","Sr","1","FA","App Sat 3:30PM","601","46.23","6","100%","0%","13","3,570","28","10","0","0","0","0","491","11","0","1","0","0"
"Lewerke, Brian","MSU","QB,FLX","Jr","2","FA","UtSt Fri 7:00PM","441","33.92","3","100%","0%","13","2,793","20","7","1","5","0","0","559","5","0","2","0","0"
"Thorson, Clayton","NW","QB,FLX","Sr","3","FA","@Purd Thu 8:00PM","384.5","29.58","4","0%","0%","13","2,844","15","12","1","24","0","0","23","8","0","1","0","0"
"Taylor, Jonathan","Wisc","RB,FLX","So","4","FA","W Ky Fri 9:00PM","370.5","26.46","5","100%","0%","14","0","0","0","0","95","0","0","1,977","13","0","6","0","0"
"Stanley, Nate","Iowa","QB,FLX","Jr","5","FA","NIU Sat 3:30PM","343.5","26.42","5","0%","0%","13","2,437","26","6","0","0","0","0","-115","0","0","5","0","0"
"Hornibrook, Alex","Wisc","QB,FLX","Jr","6","FA","W Ky Fri 9:00PM","338.5","24.18","5","0%","0%","14","2,644","25","15","1","9","0","0","-101","0","0","1","0","0"
"Patterson, Shea","Mich","QB,FLX","Jr","7","FA","@ND Sat 7:30PM","320.5","45.79","9","100%","0%","7","2,259","17","9","0","0","0","0","-16","1","0","0","0","0"
"Sindelar, Elijah","Purd","QB,FLX","Jr","8","FA","NW Thu 8:00PM","272","22.67","6","0%","0%","12","2,099","18","7","1","0","0","0","-76","0","0","1","0","0"
"Dobbins, J.K.","OHSt","RB,FLX","So","9","FA","OreSt Sat 12:00PM","241","17.21","9","100%","0%","14","0","0","0","0","135","1","0","1,403","7","0","1","0","0"
"Johnson, Ty","MD","RB,FLX","Sr","10","FA","Tex Sat 12:00PM","229.5","19.12","5","0%","0%","12","0","0","0","0","60","1","0","875","5","0","0","657","1"
"Higdon, Karan","Mich","RB,FLX","Sr","11","FA","@ND Sat 7:30PM","206","15.85","9","100%","0%","13","0","0","0","0","131","0","0","994","11","0","2","0","0"
"Spielman, JD","Neb","WR,FLX","So","12","FA","Akr Sat 8:00PM","203","18.45","9","0%","0%","11","0","0","0","0","830","2","0","73","0","0","0","669","1"
"Ramsey, Peyton","Ind","QB,FLX","So","13","FA","@FLInt Sat 7:00PM","182.5","22.81","10","0%","0%","8","1,252","10","5","0","0","0","0","227","2","0","0","0","0"
"Morgan Jr., Stanley","Neb","WR,FLX","Sr","14","FA","Akr Sat 8:00PM","182","16.55","9","100%","0%","11","0","0","0","0","986","10","0","2","0","0","1","16","0"
"Smith, Rodney","Minn","RB,FLX","Sr","15","FA","NMSt Thu 7:00PM","178.5","14.88","5","100%","0%","12","0","0","0","0","107","0","0","977","3","0","2","363","1"
"Dawkins, Brandon","Ind","QB,FLX","Sr","16","FA","@FLInt Sat 7:00PM","177","25.29","10","0%","0%","7","732","5","4","0","0","0","0","459","8","0","2","0","0"
"Scott, LJ","MSU","RB,FLX","Sr","17","FA","UtSt Fri 7:00PM","167","13.92","3","0%","0%","12","0","0","0","0","146","1","0","898","8","0","4","0","0"
"Bortenschlager, Max","MD","QB,FLX","Jr","18","FA","Tex Sat 12:00PM","162","14.73","5","0%","0%","11","1,313","10","5","0","0","0","0","13","2","0","3","0","0"
"Blough, David","Purd","QB,FLX","Sr","19","FA","NW Thu 8:00PM","153","17","6","0%","0%","9","1,103","9","4","0","24","0","0","103","2","0","0","0","0"
"Davis III, Felton","MSU","WR,FLX","Sr","20","FA","UtSt Fri 7:00PM","149.5","13.59","3","100%","0%","11","0","0","0","0","776","9","0","16","0","0","0","0","0"
"Weber, Mike","OHSt","RB,FLX","Jr","21","FA","OreSt Sat 12:00PM","149.5","12.46","9","100%","0%","12","0","0","0","0","94","0","0","626","10","0","1","143","0"
"Evans, Chris","Mich","RB,FLX","Jr","22","FA","@ND Sat 7:30PM","132.5","10.19","9","0%","0%","13","0","0","0","0","157","1","0","685","6","0","1","0","0"
"George, Jeff","Mich","QB,FLX","Sr","23","WW","@ND Sat 7:30PM","132.5","18.93","9","0%","0%","7","1,273","7","10","1","-1","0","0","-81","0","0","3","0","0"
"Campbell, Parris","OHSt","WR,FLX","Sr","24","FA","OreSt Sat 12:00PM","122.5","9.42","9","0%","0%","13","0","0","0","0","584","3","0","132","1","0","2","329","0"
"Johnson, Tyler","Minn","WR,FLX","Jr","25","FA","NMSt Thu 7:00PM","120","12","5","0%","0%","10","0","0","0","0","677","7","0","0","0","0","0","0","0"
"Ellison, Morgan","Ind","RB,FLX","So","26","FA","@FLInt Sat 7:00PM","118","10.73","10","0%","0%","11","0","0","0","0","60","0","0","704","6","0","2","0","0"
"Knox, D.J.","Purd","RB,FLX","Sr","27","FA","NW Thu 8:00PM","118","9.08","6","0%","0%","13","0","0","0","0","148","2","0","561","2","0","0","293","0"
"Fant, Noah","Iowa","TE,FLX","Jr","28","FA","NIU Sat 3:30PM","115","9.58","5","100%","0%","12","0","0","0","0","494","11","0","-1","0","0","0","0","0"
"Hilliman, Jonathan","Rut","RB,FLX","Sr","29","FA","TxSt Sat 12:00PM","113.5","8.73","9","0%","0%","13","0","0","0","0","155","2","0","638","5","0","3","0","0"
"Brooks, Shannon","Minn","RB,FLX","Sr","30","FA","NMSt Thu 7:00PM","108.5","18.08","5","0%","0%","6","0","0","0","0","59","0","0","369","5","0","1","347","0"
"Taylor, A.J.","Wisc","WR,FLX","Jr","31","FA","W Ky Fri 9:00PM","107","7.64","5","0%","0%","14","0","0","0","0","475","5","0","26","0","0","0","329","0"
"Jacobs, Taivon","MD","WR,FLX","Sr","32","FA","Tex Sat 12:00PM","103.5","8.62","5","0%","0%","12","0","0","0","0","553","5","0","6","0","0","0","165","0"
"Blackshear, Raheem","Rut","RB,FLX","So","33","FA","TxSt Sat 12:00PM","102.5","10.25","9","0%","0%","10","0","0","0","0","133","2","0","238","3","0","0","334","0"
"Hill, K.J.","OHSt","WR,FLX","Jr","34","FA","OreSt Sat 12:00PM","102.5","7.32","9","0%","0%","14","0","0","0","0","549","3","0","1","0","0","1","294","0"
"Thompkins, DeAndre","PSU","WR,FLX","Sr","35","FA","App Sat 3:30PM","98","7.54","6","0%","0%","13","0","0","0","0","443","3","0","0","0","0","0","319","1"
"Larkin, Jeremy","NW","RB,FLX","So","36","FA","@Purd Thu 8:00PM","97","7.46","4","100%","0%","13","24","0","0","0","115","0","0","503","5","0","1","89","0"
"Skowronek, Bennett","NW","WR,FLX","Jr","37","FA","@Purd Thu 8:00PM","95.5","7.35","4","0%","0%","13","0","0","0","0","644","5","0","0","0","0","1","0","0"
"Dixon, Johnnie","OHSt","WR,FLX","Sr","38","FA","OreSt Sat 12:00PM","91.5","10.17","9","0%","0%","9","0","0","0","0","422","8","0","0","0","0","0","0","0"
"Navarro, Donny","Ill","WR,FLX","So","39","FA","Kent Sat 12:00PM","90","8.18","5","0%","0%","11","0","0","0","0","531","5","0","30","0","0","0","0","0"
"Stewart Jr., Darrell","MSU","WR,FLX","Jr","40","FA","UtSt Fri 7:00PM","89","6.85","3","0%","0%","13","0","0","0","0","501","2","0","140","0","0","0","172","0"
"Cephus, Quintez","Wisc","WR,FLX","Jr","41","FA","W Ky Fri 9:00PM","87","8.7","5","0%","0%","10","0","0","0","0","501","6","0","5","0","0","0","0","0"
"Stevens, Tommy","PSU","QB,FLX","Jr","42","FA","App Sat 3:30PM","84.5","10.56","6","0%","0%","8","158","3","0","0","60","2","0","190","4","0","0","0","0"
"Anthrop, Jackson","Purd","WR,FLX","So","43","FA","NW Thu 8:00PM","83.5","6.42","6","0%","0%","13","24","0","0","0","423","5","0","17","2","0","1","77","0"
"Harrison III, Lorenzo","MD","RB,FLX","Jr","44","FA","Tex Sat 12:00PM","83.5","6.96","5","0%","0%","12","0","0","0","0","36","0","0","622","3","0","0","0","0"
"White, Cody","MSU","WR,FLX","So","45","FA","UtSt Fri 7:00PM","83","7.55","3","0%","0%","11","0","0","0","0","490","4","1","19","0","0","1","22","0"
"Jones, Markell","Purd","RB,FLX","Sr","46","FA","NW Thu 8:00PM","82.5","8.25","6","0%","0%","10","0","0","0","0","54","0","0","566","1","0","1","29","0"
"Kelly-Martin, Ivory","Iowa","RB,FLX","So","47","FA","NIU Sat 3:30PM","81","7.36","5","0%","0%","11","0","0","0","0","25","1","0","184","3","0","1","404","0"
"Ozigbo, Devine","Neb","RB,FLX","Sr","48","FA","Akr Sat 8:00PM","79.5","7.95","9","0%","0%","10","0","0","0","0","123","0","0","493","3","0","1","0","0"
"Timian, Luke","Ind","WR,FLX","Sr","49","FA","@FLInt Sat 7:00PM","79.5","6.62","10","0%","0%","12","0","0","0","0","589","2","0","7","0","0","0","90","0"
"Johnson, Juwan","PSU","WR,FLX","Jr","50","FA","App Sat 3:30PM","78.5","6.04","6","0%","0%","13","0","0","0","0","701","1","0","0","0","0","0","1","0"
"McLaurin, Terry","OHSt","WR,FLX","Sr","51","FA","OreSt Sat 12:00PM","78","6","9","0%","0%","13","0","0","0","0","436","6","0","0","0","0","0","0","0"
"Wilbon, Mikale","Neb","RB,FLX","Sr","52","FA","Akr Sat 8:00PM","76.5","6.95","9","0%","0%","11","0","0","0","0","80","0","0","379","6","0","0","0","0"
"Victor, Binjimen","OHSt","WR,FLX","Jr","53","FA","OreSt Sat 12:00PM","73","8.11","9","0%","0%","9","0","0","0","0","349","7","0","0","0","0","0","0","0"
"Davis III, Danny","Wisc","WR,FLX","So","54","FA","W Ky Fri 9:00PM","71.5","7.15","5","0%","0%","10","0","0","0","0","418","5","0","9","0","0","0","23","0"
"Easley, Nick","Iowa","WR,FLX","Sr","55","FA","NIU Sat 3:30PM","68.5","5.27","5","0%","0%","13","0","0","0","0","530","4","0","11","0","0","1","0","0"
"Epstein, Mike","Ill","RB,FLX","So","56","FA","Kent Sat 12:00PM","68","13.6","5","0%","0%","5","0","0","0","0","59","1","0","346","3","0","0","19","0"
"Smalling, Ricky","Ill","WR,FLX","So","57","FA","Kent Sat 12:00PM","65.5","5.95","5","0%","0%","11","0","0","0","0","510","2","0","0","0","0","0","0","0"
"Peters, Brandon","Mich","QB,FLX","Jr","58","FA","@ND Sat 7:30PM","65","10.83","9","0%","0%","6","672","4","2","0","0","0","0","-36","0","0","2","0","0"
"Worship, Richie","Purd","RB,FLX","Jr","59","FA","NW Thu 8:00PM","64.5","6.45","6","0%","0%","10","0","0","0","0","73","2","0","257","3","0","0","63","0"
"Peoples-Jones, Donovan","Mich","WR,FLX","So","60","FA","@ND Sat 7:30PM","62","4.77","9","0%","0%","13","0","0","0","0","277","0","0","57","0","0","1","320","1"
"Haskins, Dwayne","OHSt","QB,FLX","So","61","FA","OreSt Sat 12:00PM","61.5","7.69","9","100%","0%","8","565","4","1","0","0","0","0","86","0","0","2","0","0"
"Shaw, Bradrick","Wisc","RB,FLX","Jr","62","FA","W Ky Fri 9:00PM","59.5","5.41","5","0%","0%","11","0","0","0","0","21","0","0","365","4","0","0","0","0"
"Gest, Cole","Ind","RB,FLX","So","63","FA","@FLInt Sat 7:00PM","59","5.9","10","0%","0%","10","0","0","0","0","83","1","0","428","1","0","1","21","0"
"Lees, Riley","NW","WR,FLX","So","64","FA","@Purd Thu 8:00PM","59","4.54","4","0%","0%","13","0","0","0","0","235","2","0","0","0","0","0","302","0"
"Dorsey, Lou","Ill","TE,FLX","So","65","FA","Kent Sat 12:00PM","58.5","6.5","5","0%","0%","9","0","0","0","0","395","3","0","0","0","0","0","0","0"
"Philyor, Whop","Ind","WR,FLX","So","66","FA","@FLInt Sat 7:00PM","58.5","5.85","10","0%","0%","10","0","0","0","0","335","3","0","15","0","0","0","66","0"
"Bryant, Tre","Neb","RB,FLX","Jr","67","FA","Akr Sat 8:00PM","57","28.5","9","0%","0%","2","0","0","0","0","0","0","0","299","2","0","0","0","0"
"Heyward, Connor","MSU","RB,FLX","So","68","FA","UtSt Fri 7:00PM","56.5","6.28","3","0%","0%","9","0","0","0","0","13","1","0","10","0","0","0","442","0"
"Nagel, Flynn","NW","WR,FLX","Sr","69","FA","@Purd Thu 8:00PM","56.5","4.35","4","0%","0%","13","0","0","0","0","480","2","0","4","0","0","0","16","0"
"Funk, Jake","MD","RB,FLX","Jr","70","FA","Tex Sat 12:00PM","56","4.67","5","0%","0%","12","3","0","0","0","4","1","0","145","4","0","1","166","0"
"Rescigno, Giovanni","Rut","QB,FLX","Sr","71","FA","TxSt Sat 12:00PM","55.5","6.17","9","0%","0%","9","517","2","1","0","0","0","0","153","1","0","2","0","0"
"Hopkins, Brycen","Purd","TE,FLX","Jr","72","FA","NW Thu 8:00PM","49.5","4.5","6","0%","0%","11","0","0","0","0","349","3","0","0","0","0","0","0","0"
"Fuller, Tario","Purd","RB,FLX","Jr","73","FA","NW Thu 8:00PM","48.5","16.17","6","0%","0%","3","0","0","0","0","37","0","0","261","2","0","0","0","0"
"Herdman, Cole","Purd","TE,FLX","Sr","74","FA","NW Thu 8:00PM","46.5","3.88","6","0%","0%","12","0","0","0","0","331","3","0","0","0","0","0","0","0"
"Leake, Javon","MD","RB,FLX","So","75","FA","Tex Sat 12:00PM","46.5","6.64","5","0%","0%","7","0","0","0","0","0","0","0","99","2","0","1","274","0"
"Hockenson, T.J.","Iowa","TE,FLX","So","76","FA","NIU Sat 3:30PM","46","4.6","5","0%","0%","10","0","0","0","0","320","3","0","0","0","0","0","0","0"
"Lewis, Johnathan","Rut","QB,FLX","So","77","FA","TxSt Sat 12:00PM","44","6.29","9","0%","0%","7","167","2","4","0","0","0","0","111","4","0","0","0","0"
"Mack, Austin","OHSt","WR,FLX","Jr","78","FA","OreSt Sat 12:00PM","44","4","9","0%","0%","11","0","0","0","0","343","2","0","0","0","0","0","0","0"
"McKeon, Sean","Mich","TE,FLX","Jr","79","FA","@ND Sat 7:30PM","43.5","3.62","9","0%","0%","12","0","0","0","0","301","3","0","0","0","0","1","0","0"
"Harris II, J-Shun","Ind","WR,FLX","Sr","80","FA","@FLInt Sat 7:00PM","41.5","5.93","10","0%","0%","7","0","0","0","0","14","0","0","0","0","0","1","279","2"
"Bonner, Ra'Von","Ill","RB,FLX","So","81","FA","Kent Sat 12:00PM","40.5","6.75","5","0%","0%","6","0","0","0","0","5","0","0","202","4","0","1","0","0"
"Thomas, Cam","Ill","QB,FLX","So","82","FA","Kent Sat 12:00PM","40","10","5","0%","0%","4","375","0","5","0","0","0","0","233","1","0","1","0","0"
"Gentry, Zach","Mich","TE,FLX","Sr","83","FA","@ND Sat 7:30PM","39.5","4.39","9","0%","0%","9","0","0","0","0","303","2","0","0","0","0","0","0","0"
"Hill, Kasim","MD","QB,FLX","Fr","84","FA","Tex Sat 12:00PM","39.5","13.17","5","0%","0%","3","230","2","0","0","0","0","0","60","1","0","0","0","0"
"Groshek, Garrett","Wisc","RB,FLX","So","85","FA","W Ky Fri 9:00PM","39","3","5","0%","0%","13","9","0","0","0","40","0","0","297","2","0","0","0","0"
"Pryor, Kendric","Wisc","WR,FLX","So","86","FA","W Ky Fri 9:00PM","38","4.22","5","0%","0%","9","0","0","0","0","179","1","0","63","2","0","0","0","0"
"Smith-Marsette, Ihmir","Iowa","WR,FLX","So","87","FA","NIU Sat 3:30PM","37","3.36","5","0%","0%","11","0","0","0","0","187","2","0","41","0","0","1","134","0"
"Dudek, Mike","Ill","WR,FLX","Sr","88","FA","Kent Sat 12:00PM","36.5","5.21","5","0%","0%","7","0","0","0","0","262","1","1","0","0","0","0","65","0"
"Pigrome, Tyrrell","MD","QB,FLX","So","89","FA","Tex Sat 12:00PM","36","36","5","0%","0%","1","175","2","1","0","0","0","0","64","1","0","0","0","0"
"Vedral, Noah","Neb","QB,FLX","So","90","FA","Akr Sat 8:00PM","36","6","9","0%","0%","6","276","1","0","0","0","0","0","77","2","0","0","0","0"
"Sparks, Jared","Purd","QB,WR,FLX","So","91","FA","NW Thu 8:00PM","35.5","3.23","6","0%","0%","11","0","0","0","0","222","0","0","123","0","0","0","0","0"
"Sanders, Miles","PSU","RB,FLX","Jr","92","FA","App Sat 3:30PM","35","3.5","6","100%","0%","10","0","0","0","0","30","0","0","191","2","0","0","76","0"
"Brown, Dre","Ill","RB,FLX","Jr","93","FA","Kent Sat 12:00PM","33.5","8.38","5","0%","0%","4","0","0","0","0","8","0","0","138","0","0","0","167","0"
"Edwards, Berkley","Mich","RB,FLX","Sr","94","WW","@ND Sat 7:30PM","33.5","4.19","9","0%","0%","8","0","0","0","0","5","0","0","15","0","0","0","340","0"
"Perry, Grant","Mich","WR,FLX","Sr","95","FA","@ND Sat 7:30PM","33","3.67","9","0%","0%","9","0","0","0","0","307","1","0","0","0","0","0","0","0"
"Young, Toren","Iowa","RB,FLX","So","96","FA","NIU Sat 3:30PM","32","5.33","5","0%","0%","6","0","0","0","0","23","0","0","193","2","0","0","0","0"
"McCall, Demario","OHSt","RB,WR,FLX","So","97","FA","OreSt Sat 12:00PM","31.5","10.5","9","0%","0%","3","0","0","0","0","51","1","0","111","1","0","0","35","0"
"James, Chris","Wisc","RB,FLX","Sr","98","FA","W Ky Fri 9:00PM","28.5","3.17","5","0%","0%","9","0","0","0","0","36","0","0","233","1","0","1","0","0"
"Washington, Jerome","Rut","TE,FLX","Sr","99","FA","TxSt Sat 12:00PM","28","2.55","9","0%","0%","11","0","0","0","0","282","1","0","-2","0","0","0","0","0"
"Saunders, C.J.","OHSt","WR,FLX","Sr","100","FA","OreSt Sat 12:00PM","26.5","3.31","9","0%","0%","8","0","0","0","0","221","1","0","0","0","0","0","0","0"
"Ingold, Alec","Wisc","RB,FLX","Sr","101","FA","W Ky Fri 9:00PM","26","3.71","5","0%","0%","7","0","0","0","0","37","1","0","25","3","0","0","0","0"
"Green, Cameron","NW","TE,FLX","Jr","102","FA","@Purd Thu 8:00PM","25","3.12","4","0%","0%","8","0","0","0","0","170","2","1","0","0","0","1","0","0"
"Sokol, Matt","MSU","TE,FLX","Sr","103","FA","UtSt Fri 7:00PM","25","2.08","3","0%","0%","12","0","0","0","0","222","1","0","-4","0","0","0","0","0"
"Johnson, Hunter","NW","QB,FLX","So","104","FA","@Purd Thu 8:00PM","24","3.43","4","0%","0%","7","234","2","1","0","0","0","0","-4","0","0","0","0","0"
"Brookins, Ricky","Ind","RB,FLX","Sr","105","FA","@FLInt Sat 7:00PM","23","2.3","10","0%","0%","10","0","0","0","0","124","0","0","88","1","0","0","0","0"
"Bradley, Jaylin","Neb","RB,FLX","So","106","FA","Akr Sat 8:00PM","22.5","4.5","9","0%","0%","5","0","0","0","0","38","0","0","93","0","0","0","124","0"
"Wright, Terry","Purd","WR,FLX","Sr","107","FA","NW Thu 8:00PM","22","2.2","6","0%","0%","10","0","0","0","0","274","0","0","45","0","0","2","0","0"
"Black, Tarik","Mich","WR,FLX","So","108","FA","@ND Sat 7:30PM","21.5","7.17","9","0%","0%","3","0","0","0","0","149","1","0","0","0","0","0","0","0"
"Bush, AJ","Ill","QB,FLX","Sr","109","WW","Kent Sat 12:00PM","21","4.2","5","0%","0%","5","99","1","0","0","0","0","0","129","0","0","0","0","0"
"Polk, Brandon","PSU","WR,FLX","Jr","110","FA","App Sat 3:30PM","20","2.22","6","0%","0%","9","0","0","0","0","130","1","0","0","0","0","0","60","0"
"Stoll, Jack","Neb","TE,FLX","So","111","FA","Akr Sat 8:00PM","20","4","9","0%","0%","6","0","0","0","0","89","2","0","0","0","0","0","0","0"
"Berry, Rashod","OHSt","TE,FLX","Jr","112","FA","OreSt Sat 12:00PM","18","6","9","0%","0%","3","0","0","0","0","100","2","0","0","0","0","1","0","0"
"Moten IV, John","NW","RB,FLX","Jr","113","FA","@Purd Thu 8:00PM","17.5","2.92","4","0%","0%","6","0","0","0","0","0","0","0","55","0","0","0","151","0"
"Neuville, Zander","Wisc","TE,FLX","Sr","114","FA","W Ky Fri 9:00PM","17","2.43","5","0%","0%","7","0","0","0","0","81","2","0","0","0","0","0","0","0"
"Roberts, Jelani","NW","WR,FLX","Sr","115","FA","@Purd Thu 8:00PM","17","2.83","4","0%","0%","6","0","0","0","0","0","0","0","98","2","0","1","0","0"
"Burgess, Jarrett","Purd","WR,FLX","Sr","116","FA","NW Thu 8:00PM","16.5","4.12","6","0%","0%","4","0","0","0","0","130","1","0","0","0","0","1","0","0"
"Hale, Donavan","Ind","WR,FLX","Jr","117","FA","@FLInt Sat 7:00PM","16.5","8.25","10","0%","0%","2","0","0","0","0","116","1","0","0","0","0","0","0","0"
"Brown, Jesse","NW","RB,FLX","So","118","FA","@Purd Thu 8:00PM","16","1.78","4","0%","0%","9","0","0","0","0","0","0","0","64","2","0","0","0","0"
"Davis, Trenard","Ill","WR,FLX","Jr","119","FA","Kent Sat 12:00PM","13","2.17","5","0%","0%","6","7","0","0","0","152","0","0","0","0","0","0","0","0"
"Mason, Ben","Mich","RB,FLX","So","120","FA","@ND Sat 7:30PM","12","2.4","9","0%","0%","5","0","0","0","0","0","0","0","4","2","0","0","0","0"
"Griffin-Stewart, Nakia","Rut","TE,FLX","Jr","121","FA","TxSt Sat 12:00PM","11","1.22","9","0%","0%","9","0","0","0","0","87","1","0","0","0","0","0","0","0"
"Howard, Phillip","Minn","WR,FLX","So","122","FA","NMSt Thu 7:00PM","10","1.67","5","0%","0%","6","0","0","0","0","132","0","0","12","0","0","0","0","0"
"Penniston, Kyle","Wisc","TE,FLX","Jr","123","FA","W Ky Fri 9:00PM","9","1.8","5","0%","0%","5","0","0","0","0","56","1","0","0","0","0","0","0","0"
"Corbin, Reggie","Ill","RB,FLX","Jr","124","FA","Kent Sat 12:00PM","8.5","1.21","5","0%","0%","7","0","0","0","0","27","0","0","78","0","0","0","0","0"
"Majette, Mike","Ind","RB,FLX","Sr","125","FA","@FLInt Sat 7:00PM","8","2","10","0%","0%","4","0","0","0","0","90","0","0","22","0","0","0","0","0"
"Reams, Caleb","Ill","WR,TE,FLX","Jr","126","FA","Kent Sat 12:00PM","8","2.67","5","0%","0%","3","0","0","0","0","32","1","0","0","0","0","0","0","0"
"Reimers, Bryan","Neb","WR,FLX","Sr","127","FA","Akr Sat 8:00PM","8","4","9","0%","0%","2","0","0","0","0","25","1","0","0","0","0","0","0","0"
"Zico, Isaac","Purd","WR,FLX","Sr","128","FA","NW Thu 8:00PM","8","2","6","0%","0%","4","0","0","0","0","34","1","0","0","0","0","0","0","0"
"Bowers, Nick","PSU","TE,FLX","Jr","129","FA","App Sat 3:30PM","7","7","6","0%","0%","1","0","0","0","0","15","1","0","0","0","0","0","0","0"
"Douglas, Demetrius","Minn","WR,FLX","So","130","FA","NMSt Thu 7:00PM","7","2.33","5","0%","0%","3","0","0","0","0","83","0","0","3","0","0","0","0","0"
"Melton, Bo","Rut","WR,FLX","So","131","FA","TxSt Sat 12:00PM","7","1.4","9","0%","0%","5","0","0","0","0","83","0","0","0","0","0","0","0","0"
"Eubanks, Nick","Mich","TE,FLX","Jr","132","FA","@ND Sat 7:30PM","6.5","6.5","9","0%","0%","1","0","0","0","0","61","0","0","0","0","0","0","0","0"
"Catlett, Keyron","Purd","WR,FLX","So","133","FA","NW Thu 8:00PM","6","3","6","0%","0%","2","0","0","0","0","0","0","0","0","0","0","0","62","0"
"Chiaokhiao-Bowman, Ramaud","NW","WR,FLX","So","134","FA","@Purd Thu 8:00PM","6","1.5","4","0%","0%","4","0","0","0","0","35","1","0","0","0","0","1","0","0"
"Davenport, Jahrvis","MD","WR,FLX","Sr","135","FA","Tex Sat 12:00PM","6","0.75","5","0%","0%","8","0","0","0","0","123","0","0","0","0","0","1","0","0"
"Miller, Cam","Ill","QB,FLX","So","136","FA","Kent Sat 12:00PM","6","3","5","0%","0%","2","0","0","0","0","0","0","0","9","1","0","0","0","0"
"Chambers, Cam","MSU","WR,FLX","So","137","FA","UtSt Fri 7:00PM","5","1.25","3","0%","0%","4","0","0","0","0","66","0","0","0","0","0","0","0","0"
"Fessler, Charlie","NW","WR,FLX","Jr","138","FA","@Purd Thu 8:00PM","5","2.5","4","0%","0%","2","0","0","0","0","66","0","0","0","0","0","0","0","0"
"Lindsey, Tyjon","Neb","WR,FLX","So","139","FA","Akr Sat 8:00PM","5","0.5","9","0%","0%","10","0","0","0","0","76","0","0","4","0","0","0","17","0"
"Hayek, Hunter","Rut","WR,FLX","So","140","FA","TxSt Sat 12:00PM","4","0.57","9","0%","0%","7","-8","0","0","0","62","0","0","0","0","0","1","8","0"
"Nelson, Laress","MSU","WR,FLX","So","141","FA","UtSt Fri 7:00PM","4","0.57","3","0%","0%","7","0","0","0","0","29","0","0","2","0","0","0","34","0"
"Welch, Andre","MSU","WR,FLX","So","142","FA","UtSt Fri 7:00PM","4","1.33","3","0%","0%","3","0","0","0","0","0","0","0","0","0","0","0","61","0"
"Allen, Mark","PSU","RB,FLX","Sr","143","FA","App Sat 3:30PM","3","0.75","6","0%","0%","4","0","0","0","0","0","0","0","38","0","0","0","10","0"
"Femi-Cole, Jonathan","Minn","RB,FLX","Jr","144","FA","NMSt Thu 7:00PM","3","1","5","0%","0%","3","0","0","0","0","0","0","0","42","0","0","0","0","0"
"Green, Carmoni","Ill","WR,FLX","So","145","FA","Kent Sat 12:00PM","3","0.75","5","0%","0%","4","0","0","0","0","75","0","0","0","0","0","1","-4","0"
"Holmes, C.J.","PSU","RB,FLX","So","146","WW","App Sat 3:30PM","3","1","6","0%","0%","3","0","0","0","0","0","0","0","32","0","0","0","0","0"
"James, Jace","NW","WR,FLX","So","147","FA","@Purd Thu 8:00PM","3","1.5","4","0%","0%","2","0","0","0","0","41","0","0","0","0","0","0","0","0"
"Watercutter, Ryan","Ind","TE,FLX","Sr","148","FA","@FLInt Sat 7:00PM","3","0.33","10","0%","0%","9","0","0","0","0","69","0","0","0","0","0","0","0","0"
"Young, Conor","Neb","WR,FLX","Jr","149","FA","Akr Sat 8:00PM","3","3","9","0%","0%","1","0","0","0","0","31","0","0","0","0","0","0","0","0"
"Brown, Jalen","NW","WR,FLX","Sr","150","FA","@Purd Thu 8:00PM","2","1","4","0%","0%","2","0","0","0","0","33","0","0","0","0","0","0","0","0"
"Collins, Nico","Mich","WR,FLX","So","151","FA","@ND Sat 7:30PM","2","1","9","0%","0%","2","0","0","0","0","27","0","0","0","0","0","0","0","0"
"Davis, Noah","MSU","TE,FLX","So","152","FA","UtSt Fri 7:00PM","2","0.5","3","0%","0%","4","0","0","0","0","22","0","0","0","0","0","0","12","0"
"Harris, Jaylen","OHSt","WR,FLX","So","153","FA","OreSt Sat 12:00PM","2","2","9","0%","0%","1","0","0","0","0","27","0","0","0","0","0","0","0","0"
"Jabbie, Mohamed","Rut","WR,FLX","So","154","FA","TxSt Sat 12:00PM","2","0.33","9","0%","0%","6","0","0","0","0","19","0","0","0","0","0","0","11","0"
"Link, Cody","NW","TE,FLX","So","155","FA","@Purd Thu 8:00PM","2","","4","0%","0%","1","0","0","0","0","29","0","0","0","0","0","0","0","0"
"Schoenle, Nate","Mich","WR,FLX","Jr","156","FA","@ND Sat 7:30PM","2","0.29","9","0%","0%","7","0","0","0","0","41","0","0","0","0","0","0","0","0"
"Turner, DJ","MD","WR,FLX","Jr","157","FA","Tex Sat 12:00PM","2","0.33","5","0%","0%","6","0","0","0","0","32","0","0","0","0","0","0","0","0"
"Anthony, Max","Rut","RB,FLX","Jr","158","FA","TxSt Sat 12:00PM","1","1","9","0%","0%","1","0","0","0","0","17","0","0","0","0","0","0","0","0"
"Barnes, Noah","MD","TE,FLX","So","159","FA","Tex Sat 12:00PM","1","1","5","0%","0%","1","0","0","0","0","0","0","0","0","0","0","0","18","0"
"Bobak, Christian","Ill","RB,FLX,DB","So","160","FA","Kent Sat 12:00PM","1","0.25","5","0%","0%","4","0","0","0","0","0","0","0","-1","0","0","0","10","0"
"Cooper, Max","Iowa","WR,FLX","So","161","FA","NIU Sat 3:30PM","1","1","5","0%","0%","1","0","0","0","0","0","0","0","0","0","0","0","12","0"
"Dotson, Matt","MSU","TE,FLX","So","162","FA","UtSt Fri 7:00PM","1","0.5","3","0%","0%","2","0","0","0","0","19","0","0","0","0","0","0","0","0"
"Edwards, Avery","MD","TE,FLX","Sr","163","FA","Tex Sat 12:00PM","1","1","5","0%","0%","1","0","0","0","0","0","0","0","0","0","0","0","14","0"
"Farrell, Luke","OHSt","TE,FLX","So","164","FA","OreSt Sat 12:00PM","1","0.5","9","0%","0%","2","0","0","0","0","19","0","0","0","0","0","0","0","0"
"Fryfogle, Ty","Ind","WR,FLX","So","165","FA","@FLInt Sat 7:00PM","1","1","10","0%","0%","1","0","0","0","0","13","0","0","0","0","0","0","0","0"
"Kieft, Ko","Minn","TE,FLX","So","166","FA","NMSt Thu 7:00PM","1","0.5","5","0%","0%","2","0","0","0","0","17","0","0","0","0","0","0","0","0"
"McGowan, Kyric","NW","WR,FLX","So","167","FA","@Purd Thu 8:00PM","1","0.25","4","0%","0%","3","0","0","0","0","22","0","0","0","0","0","0","0","0"
"Pittman, Darius","Purd","TE,FLX","So","168","FA","NW Thu 8:00PM","1","0.5","6","0%","0%","2","0","0","0","0","7","0","0","0","0","0","0","16","0"
"Rose, Austin","Neb","RB,FLX","Sr","169","FA","Akr Sat 8:00PM","1","1","9","0%","0%","1","0","0","0","0","0","0","0","0","0","0","0","13","0"
"Vokolek, Travis","Rut","TE,FLX","So","170","FA","TxSt Sat 12:00PM","1","1","9","0%","0%","1","0","0","0","0","14","0","0","0","0","0","0","0","0"
"Wieting, Nate","Iowa","TE,FLX","Jr","171","FA","NIU Sat 3:30PM","1","1","5","0%","0%","1","0","0","0","0","17","0","0","0","0","0","0","0","0"
"Martinez, Adrian","Neb","QB,FLX","Fr","172","FA","Akr Sat 8:00PM","0","0","9","100%","0%","0","0","0","0","0","0","0","0","0","0","0","0","0","0"
"Westbrook, Nick","Ind","WR,FLX","Jr","173","FA","@FLInt Sat 7:00PM","0","0","10","100%","0%","0","0","0","0","0","0","0","0","0","0","0","0","0","0"
"Abbott, A.J.","Wisc","WR,FLX","Fr","174","WW","W Ky Fri 9:00PM","0","0","5","0%","0%","0","0","0","0","0","0","0","0","0","0","0","0","0","0"
"Albericci, Austin","Rut","QB,FLX","Fr","175","WW","TxSt Sat 12:00PM","0","0","9","0%","0%","0","0","0","0","0","0","0","0","0","0","0","0","0","0"
"Alexander, Javez","MSU","WR,FLX","Fr","176","FA","UtSt Fri 7:00PM","0","0","3","0%","0%","0","0","0","0","0","0","0","0","0","0","0","0","0","0"
"Alioth Jr., Chad","Neb","WR,FLX","Fr","177","FA","Akr Sat 8:00PM","0","0","9","0%","0%","0","0","0","0","0","0","0","0","0","0","0","0","0","0"
"Allen, Austin","Neb","TE,FLX","Fr","178","FA","Akr Sat 8:00PM","0","0","9","0%","0%","0","0","0","0","0","0","0","0","0","0","0","0","0","0"
"Anderson Jr., Amad","Purd","WR,FLX","Fr","179","FA","NW Thu 8:00PM","0","0","6","0%","0%","0","0","0","0","0","0","0","0","0","0","0","0","0","0"
"Anderson, Drake","NW","RB,FLX","Fr","180","FA","@Purd Thu 8:00PM","0","0","4","0%","0%","0","0","0","0","0","0","0","0","0","0","0","0","0","0"
"Anderson, Evan","Purd","RB,FLX","Fr","181","WW","NW Thu 8:00PM","0","0","6","0%","0%","0","0","0","0","0","0","0","0","0","0","0","0","0","0"
"Andrews, Austin","MSU","RB,FLX,DB","So","182","FA","UtSt Fri 7:00PM","0","0","3","0%","0%","2","0","0","0","0","0","0","0","0","0","0","0","0","0"
"Annexstad, Brock","Minn","WR,FLX","Fr","183","FA","NMSt Thu 7:00PM","0","0","5","0%","0%","0","0","0","0","0","0","0","0","0","0","0","0","0","0"
"Annexstad, Zack","Minn","QB,FLX","Fr","184","FA","NMSt Thu 7:00PM","0","0","5","0%","0%","0","0","0","0","0","0","0","0","0","0","0","0","0","0"
"Arcangelo, Joe","PSU","TE,FLX","Jr","185","FA","App Sat 3:30PM","0","0","6","0%","0%","0","0","0","0","0","0","0","0","0","0","0","0","0","0"
"Armour, Alfred","Purd","RB,FLX","Fr","186","WW","NW Thu 8:00PM","0","0","6","0%","0%","0","0","0","0","0","0","0","0","0","0","0","0","0","0"
"Autman-Bell, Chris","Minn","WR,FLX","Fr","187","FA","NMSt Thu 7:00PM","0","0","5","0%","0%","0","0","0","0","0","0","0","0","0","0","0","0","0","0"
"Babb, Kamryn","OHSt","WR,FLX","Fr","188","FA","OreSt Sat 12:00PM","0","0","9","0%","0%","0","0","0","0","0","0","0","0","0","0","0","0","0","0"
"Baldwin, Matthew","OHSt","QB,FLX","Fr","189","FA","OreSt Sat 12:00PM","0","0","9","0%","0%","0","0","0","0","0","0","0","0","0","0","0","0","0","0"
"Banker, Christian","Neb","WR,FLX","Fr","190","FA","Akr Sat 8:00PM","0","0","9","0%","0%","0","0","0","0","0","0","0","0","0","0","0","0","0","0"
"Banks, Aaron","Purd","QB,FLX","Sr","191","FA","NW Thu 8:00PM","0","0","6","0%","0%","0","0","0","0","0","0","0","0","0","0","0","0","0","0"
"Barker, Daniel","Ill","TE,FLX","Fr","192","FA","Kent Sat 12:00PM","0","0","5","0%","0%","0","0","0","0","0","0","0","0","0","0","0","0","0","0"
"Barnwell, Elijah","Rut","RB,FLX,LB","Fr","193","FA","TxSt Sat 12:00PM","0","0","9","0%","0%","0","0","0","0","0","0","0","0","0","0","0","0","0","0"
"Barrett, Michael","Mich","RB,FLX","Fr","194","WW","@ND Sat 7:30PM","0","0","9","0%","0%","0","0","0","0","0","0","0","0","0","0","0","0","0","0"
"Barton, Khylin","MSU","WR,FLX","So","195","FA","UtSt Fri 7:00PM","0","0","3","0%","0%","0","0","0","0","0","0","0","0","0","0","0","0","0","0"
"Bateman, Rashod","Minn","WR,FLX","Fr","196","FA","NMSt Thu 7:00PM","0","0","5","0%","0%","0","0","0","0","0","0","0","0","0","0","0","0","0","0"
"Baty, Ramsey","Mich","TE,FLX","Fr","197","WW","@ND Sat 7:30PM","0","0","9","0%","0%","0","0","0","0","0","0","0","0","0","0","0","0","0","0"
"Beebe, Colton","Minn","TE,FLX","Jr","198","FA","NMSt Thu 7:00PM","0","0","5","0%","0%","2","0","0","0","0","0","0","0","0","0","0","0","0","0"
"Bell, Greg","Neb","RB,FLX","Jr","199","FA","Akr Sat 8:00PM","0","0","9","0%","0%","0","0","0","0","0","0","0","0","0","0","0","0","0","0"
"Bell, Ronnie","Mich","WR,FLX","Fr","200","WW","@ND Sat 7:30PM","0","0","9","0%","0%","0","0","0","0","0","0","0","0","0","0","0","0","0","0"
"Belt, Brody","Neb","RB,FLX","Fr","201","FA","Akr Sat 8:00PM","0","0","9","0%","0%","0","0","0","0","0","0","0","0","0","0","0","0","0","0"
"Benzschawel, Luke","Wisc","TE,FLX","So","202","FA","W Ky Fri 9:00PM","0","0","5","0%","0%","0","0","0","0","0","0","0","0","0","0","0","0","0","0"
"Berry, Justin","Ind","WR,FLX","So","203","FA","@FLInt Sat 7:00PM","0","0","10","0%","0%","0","0","0","0","0","0","0","0","0","0","0","0","0","0"
"Beyer, Shaun","Iowa","TE,FLX","So","204","FA","NIU Sat 3:30PM","0","0","5","0%","0%","1","0","0","0","0","0","0","0","0","0","0","0","0","0"
"Bican, Gage","OHSt","WR,FLX","Jr","205","FA","OreSt Sat 12:00PM","0","0","9","0%","0%","0","0","0","0","0","0","0","0","0","0","0","0","0","0"
"Bican, Luciano","OHSt","WR,FLX","Jr","206","FA","OreSt Sat 12:00PM","0","0","9","0%","0%","0","0","0","0","0","0","0","0","0","0","0","0","0","0"
"Bjorson, Matt","Ind","TE,FLX","Fr","207","WW","@FLInt Sat 7:00PM","0","0","10","0%","0%","0","0","0","0","0","0","0","0","0","0","0","0","0","0"
"Bonner, Jordan","Purd","WR,FLX","Fr","208","WW","NW Thu 8:00PM","0","0","6","0%","0%","0","0","0","0","0","0","0","0","0","0","0","0","0","0"
"Bonner, Shaun","Ind","TE,FLX","So","209","FA","@FLInt Sat 7:00PM","0","0","10","0%","0%","0","0","0","0","0","0","0","0","0","0","0","0","0","0"
"Bousky, Alex","NW","RB,WR,FLX","Sr","210","FA","@Purd Thu 8:00PM","0","0","4","0%","0%","1","0","0","0","0","0","0","0","6","0","0","0","0","0"
"Bowser, Isaiah","NW","RB,FLX","Fr","211","FA","@Purd Thu 8:00PM","0","0","4","0%","0%","0","0","0","0","0","0","0","0","0","0","0","0","0","0"
"Bridges, Weston","MSU","RB,FLX","Fr","212","FA","UtSt Fri 7:00PM","0","0","3","0%","0%","0","0","0","0","0","0","0","0","0","0","0","0","0","0"
"Brooks, Blair","Iowa","WR,FLX","Fr","213","FA","NIU Sat 3:30PM","0","0","5","0%","0%","0","0","0","0","0","0","0","0","0","0","0","0","0","0"
"Brown, Cameron","OHSt","WR,FLX","Fr","214","FA","OreSt Sat 12:00PM","0","0","9","0%","0%","0","0","0","0","0","0","0","0","0","0","0","0","0","0"
"Brown, Journey","PSU","RB,FLX","Fr","215","FA","App Sat 3:30PM","0","0","6","0%","0%","0","0","0","0","0","0","0","0","0","0","0","0","0","0"
"Brown, Justin","MD","WR,FLX","Fr","216","WW","Tex Sat 12:00PM","0","0","5","0%","0%","0","0","0","0","0","0","0","0","0","0","0","0","0","0"
"Brown, Matt","Mich","RB,FLX","So","217","FA","@ND Sat 7:30PM","0","0","9","0%","0%","0","0","0","0","0","0","0","0","0","0","0","0","0","0"
"Brumbaugh, Legend","MD","QB,FLX","So","218","FA","Tex Sat 12:00PM","0","0","5","0%","0%","0","0","0","0","0","0","0","0","0","0","0","0","0","0"
"Bryan, Kyshaun","Iowa","RB,FLX","Fr","219","FA","NIU Sat 3:30PM","0","0","5","0%","0%","0","0","0","0","0","0","0","0","0","0","0","0","0","0"
"Bryant, Moses","Neb","RB,WR,FLX,DB","Fr","220","FA","Akr Sat 8:00PM","0","0","9","0%","0%","0","0","0","0","0","0","0","0","0","0","0","0","0","0"
"Buckman, Luke","Mich","TE,FLX","Fr","221","WW","@ND Sat 7:30PM","0","0","9","0%","0%","0","0","0","0","0","0","0","0","0","0","0","0","0","0"
"Bunch, Andrew","Neb","QB,FLX","So","222","FA","Akr Sat 8:00PM","0","0","9","0%","0%","0","0","0","0","0","0","0","0","0","0","0","0","0","0"
"Bursch, Nathan","Minn","TE,FLX","Fr","223","FA","NMSt Thu 7:00PM","0","0","5","0%","0%","0","0","0","0","0","0","0","0","0","0","0","0","0","0"
"Burton, Reid","MSU","RB,FLX","So","224","FA","UtSt Fri 7:00PM","0","0","3","0%","0%","0","0","0","0","0","0","0","0","0","0","0","0","0","0"
"Bush, Peter","Mich","RB,FLX","Jr","225","FA","@ND Sat 7:30PM","0","0","9","0%","0%","0","0","0","0","0","0","0","0","0","0","0","0","0","0"
"Camper, Jack","MSU","TE,FLX,DL","Fr","226","FA","UtSt Fri 7:00PM","0","0","3","0%","0%","0","0","0","0","0","0","0","0","0","0","0","0","0","0"
"Capehart, Tahj","MD","WR,FLX","So","227","FA","Tex Sat 12:00PM","0","0","5","0%","0%","1","0","0","0","0","6","0","0","0","0","0","0","0","0"
"Carollo, Danny","Purd","QB,FLX","So","228","FA","NW Thu 8:00PM","0","0","6","0%","0%","0","0","0","0","0","0","0","0","0","0","0","0","0","0"
"Carriere, Carlos","MD","WR,FLX","Fr","229","FA","Tex Sat 12:00PM","0","0","5","0%","0%","0","0","0","0","0","0","0","0","0","0","0","0","0","0"
"Carter, Edwin","Ill","WR,FLX","Fr","230","FA","Kent Sat 12:00PM","0","0","5","0%","0%","0","0","0","0","0","0","0","0","0","0","0","0","0","0"
"Carter, Nate","Wisc","QB,FLX","Fr","231","WW","W Ky Fri 9:00PM","0","0","5","0%","0%","0","0","0","0","0","0","0","0","0","0","0","0","0","0"
"Chaffin, Ty","Neb","WR,FLX","So","232","FA","Akr Sat 8:00PM","0","0","9","0%","0%","0","0","0","0","0","0","0","0","0","0","0","0","0","0"
"Char, Jared","Mich","RB,FLX","Jr","233","FA","@ND Sat 7:30PM","0","0","9","0%","0%","0","0","0","0","0","0","0","0","0","0","0","0","0","0"
"Chatman, Jalen","Rut","QB,FLX","Fr","234","FA","TxSt Sat 12:00PM","0","0","9","0%","0%","0","0","0","0","0","0","0","0","0","0","0","0","0","0"
"Chenal, John","Wisc","RB,FLX","Fr","235","WW","W Ky Fri 9:00PM","0","0","5","0%","0%","0","0","0","0","0","0","0","0","0","0","0","0","0","0"
"Chisena, Dan","PSU","WR,FLX","Jr","236","FA","App Sat 3:30PM","0","0","6","0%","0%","0","0","0","0","0","0","0","0","0","0","0","0","0","0"
"Clarkin, Brian","MD","QB,FLX","Fr","237","WW","Tex Sat 12:00PM","0","0","5","0%","0%","0","0","0","0","0","0","0","0","0","0","0","0","0","0"
"Clifford, Sean","PSU","QB,FLX","Fr","238","FA","App Sat 3:30PM","0","0","6","0%","0%","0","0","0","0","0","0","0","0","0","0","0","0","0","0"
"Coan, Jack","Wisc","QB,FLX","So","239","FA","W Ky Fri 9:00PM","0","0","5","0%","0%","3","36","0","0","0","0","0","0","0","0","0","0","0","0"
"Cobbs, Brian","MD","WR,FLX","Fr","240","WW","Tex Sat 12:00PM","0","0","5","0%","0%","0","0","0","0","0","0","0","0","0","0","0","0","0","0"
"Collinsworth, Jake","Wisc","RB,FLX,LB","Fr","241","FA","W Ky Fri 9:00PM","0","0","5","0%","0%","0","0","0","0","0","0","0","0","0","0","0","0","0","0"
"Comma, Jayden","MD","WR,FLX","Fr","242","FA","Tex Sat 12:00PM","0","0","5","0%","0%","0","0","0","0","0","0","0","0","0","0","0","0","0","0"
"Cook, Drew","Iowa","TE,FLX","Jr","243","FA","NIU Sat 3:30PM","0","0","5","0%","0%","0","0","0","0","0","0","0","0","0","0","0","0","0","0"
"Cornwell, Michael","MD","WR,TE,FLX","Sr","244","FA","Tex Sat 12:00PM","0","0","5","0%","0%","1","0","0","0","0","5","0","0","0","0","0","0","0","0"
"Cromer, Alec","Neb","QB,FLX","So","245","FA","Akr Sat 8:00PM","0","0","9","0%","0%","0","0","0","0","0","0","0","0","0","0","0","0","0","0"
"Cruickshank, Aron","Wisc","WR,FLX","Fr","246","FA","W Ky Fri 9:00PM","0","0","5","0%","0%","0","0","0","0","0","0","0","0","0","0","0","0","0","0"
"Curtis, Kory","OHSt","QB,FLX","So","247","FA","OreSt Sat 12:00PM","0","0","9","0%","0%","0","0","0","0","0","0","0","0","0","0","0","0","0","0"
"Dafney, Dominique","Iowa","WR,FLX","Jr","248","FA","NIU Sat 3:30PM","0","0","5","0%","0%","5","0","0","0","0","0","0","0","0","0","0","0","0","0"
"Dalton, Danny","PSU","TE,FLX","So","249","FA","App Sat 3:30PM","0","0","6","0%","0%","0","0","0","0","0","0","0","0","0","0","0","0","0","0"
"Darien, Dae'Lun","PSU","WR,FLX,LB","So","250","FA","App Sat 3:30PM","0","0","6","0%","0%","0","0","0","0","0","0","0","0","0","0","0","0","0","0"
"Davin, Brock","OHSt","TE,FLX","Jr","251","FA","OreSt Sat 12:00PM","0","0","9","0%","0%","0","0","0","0","0","0","0","0","0","0","0","0","0","0"
"Davis, Drake","Ill","QB,FLX","Fr","252","FA","Kent Sat 12:00PM","0","0","5","0%","0%","0","0","0","0","0","0","0","0","0","0","0","0","0","0"
"Day, Theo","MSU","QB,FLX","Fr","253","FA","UtSt Fri 7:00PM","0","0","3","0%","0%","0","0","0","0","0","0","0","0","0","0","0","0","0","0"
"DeSue, Tyler","MD","QB,FLX","Fr","254","FA","Tex Sat 12:00PM","0","0","5","0%","0%","0","0","0","0","0","0","0","0","0","0","0","0","0","0"
"Deal, Taiwan","Wisc","RB,FLX","Sr","255","FA","W Ky Fri 9:00PM","0","0","5","0%","0%","0","0","0","0","0","0","0","0","0","0","0","0","0","0"
"Deland, Ethan","Mich","WR,FLX","Fr","256","WW","@ND Sat 7:30PM","0","0","9","0%","0%","0","0","0","0","0","0","0","0","0","0","0","0","0","0"
"Demus, Dontay","MD","WR,FLX","Fr","257","WW","Tex Sat 12:00PM","0","0","5","0%","0%","0","0","0","0","0","0","0","0","0","0","0","0","0","0"
"Dorris, Austin","Ind","TE,FLX","Jr","258","FA","@FLInt Sat 7:00PM","0","0","10","0%","0%","0","0","0","0","0","0","0","0","0","0","0","0","0","0"
"Dotson, Jahan","PSU","WR,FLX","Fr","259","FA","App Sat 3:30PM","0","0","6","0%","0%","0","0","0","0","0","0","0","0","0","0","0","0","0","0"
"Dotson, Malcolm","Purd","WR,FLX","Jr","260","FA","NW Thu 8:00PM","0","0","6","0%","0%","1","0","0","0","0","0","0","0","0","0","0","0","0","0"
"Downer, Ryan","Rut","WR,FLX","Fr","261","WW","TxSt Sat 12:00PM","0","0","9","0%","0%","0","0","0","0","0","0","0","0","0","0","0","0","0","0"
"Duarte, Tate","OHSt","TE,FLX","Sr","262","FA","OreSt Sat 12:00PM","0","0","9","0%","0%","0","0","0","0","0","0","0","0","0","0","0","0","0","0"
"Dunn, Jack","Wisc","WR,FLX","So","263","FA","W Ky Fri 9:00PM","0","0","5","0%","0%","0","0","0","0","0","0","0","0","0","0","0","0","0","0"
"Durham, Payne","Purd","TE,FLX","Fr","264","WW","NW Thu 8:00PM","0","0","6","0%","0%","0","0","0","0","0","0","0","0","0","0","0","0","0","0"
"Edmonds, Nolan","Minn","RB,FLX","Fr","265","FA","NMSt Thu 7:00PM","0","0","5","0%","0%","0","0","0","0","0","0","0","0","0","0","0","0","0","0"
"Ellis, Bradley","Ind","WR,FLX","Fr","266","WW","@FLInt Sat 7:00PM","0","0","10","0%","0%","0","0","0","0","0","0","0","0","0","0","0","0","0","0"
"Ellison, Noah","Purd","WR,FLX","Fr","267","FA","NW Thu 8:00PM","0","0","6","0%","0%","0","0","0","0","0","0","0","0","0","0","0","0","0","0"
"Enoli, Madu","OHSt","RB,FLX","So","268","FA","OreSt Sat 12:00PM","0","0","9","0%","0%","0","0","0","0","0","0","0","0","0","0","0","0","0","0"
"Eschenbach, Jack","Wisc","TE,FLX","Fr","269","WW","W Ky Fri 9:00PM","0","0","5","0%","0%","0","0","0","0","0","0","0","0","0","0","0","0","0","0"
"Eshoo, Eric","NW","TE,FLX","So","270","FA","@Purd Thu 8:00PM","0","0","4","0%","0%","0","0","0","0","0","0","0","0","0","0","0","0","0","0"
"Eury, Nick","PSU","RB,FLX","So","271","FA","App Sat 3:30PM","0","0","6","0%","0%","1","0","0","0","0","0","0","0","4","0","0","0","0","0"
"Evans, Samson","Iowa","WR,FLX","Fr","272","FA","NIU Sat 3:30PM","0","0","5","0%","0%","0","0","0","0","0","0","0","0","0","0","0","0","0","0"
"Feldman, Noah","Iowa","TE,FLX","Fr","273","FA","NIU Sat 3:30PM","0","0","5","0%","0%","0","0","0","0","0","0","0","0","0","0","0","0","0","0"
"Felton, David","Ind","WR,FLX","Fr","274","FA","@FLInt Sat 7:00PM","0","0","10","0%","0%","0","0","0","0","0","0","0","0","0","0","0","0","0","0"
"Ferguson, Jake","Wisc","TE,FLX","Fr","275","FA","W Ky Fri 9:00PM","0","0","5","0%","0%","0","0","0","0","0","0","0","0","0","0","0","0","0","0"
"Ferris, Kenneth","Mich","TE,FLX","Sr","276","FA","@ND Sat 7:30PM","0","0","9","0%","0%","0","0","0","0","0","0","0","0","0","0","0","0","0","0"
"Files, Joseph","Mich","TE,FLX","Sr","277","FA","@ND Sat 7:30PM","0","0","9","0%","0%","0","0","0","0","0","0","0","0","0","0","0","0","0","0"
"Fleet-Davis, Tayon","MD","RB,FLX","So","278","FA","Tex Sat 12:00PM","0","0","5","0%","0%","1","0","0","0","0","0","0","0","0","0","0","0","0","0"
"Flowers, Emmanuel","MSU","WR,FLX,DB","Fr","279","FA","UtSt Fri 7:00PM","0","0","3","0%","0%","0","0","0","0","0","0","0","0","0","0","0","0","0","0"
"Folkers, Bennett","Neb","WR,FLX","Fr","280","FA","Akr Sat 8:00PM","0","0","9","0%","0%","0","0","0","0","0","0","0","0","0","0","0","0","0","0"
"Franklin, Benaiah","Purd","WR,FLX","So","281","FA","NW Thu 8:00PM","0","0","6","0%","0%","0","0","0","0","0","0","0","0","0","0","0","0","0","0"
"Freiermuth, Pat","PSU","TE,FLX","Fr","282","FA","App Sat 3:30PM","0","0","6","0%","0%","0","0","0","0","0","0","0","0","0","0","0","0","0","0"
"Gajcak, Chris","Ind","WR,FLX","Jr","283","FA","@FLInt Sat 7:00PM","0","0","10","0%","0%","1","0","0","0","0","0","0","0","0","0","0","0","0","0"
"Gardiner, Ellijah","OHSt","WR,FLX","Fr","284","FA","OreSt Sat 12:00PM","0","0","9","0%","0%","0","0","0","0","0","0","0","0","0","0","0","0","0","0"
"Garrett, Julian","Mich","RB,FLX","Fr","285","WW","@ND Sat 7:30PM","0","0","9","0%","0%","0","0","0","0","0","0","0","0","0","0","0","0","0","0"
"Geary, Clay","Minn","WR,FLX","So","286","FA","NMSt Thu 7:00PM","0","0","5","0%","0%","0","0","0","0","0","0","0","0","0","0","0","0","0","0"
"Gebbia, Tristan","Neb","QB,FLX","Fr","287","FA","Akr Sat 8:00PM","0","0","9","0%","0%","0","0","0","0","0","0","0","0","0","0","0","0","0","0"
"Geil, Henry","Iowa","RB,FLX","Fr","288","FA","NIU Sat 3:30PM","0","0","5","0%","0%","0","0","0","0","0","0","0","0","0","0","0","0","0","0"
"George, Daniel","PSU","WR,FLX","Fr","289","FA","App Sat 3:30PM","0","0","6","0%","0%","0","0","0","0","0","0","0","0","0","0","0","0","0","0"
"Gianacakos, Chase","MSU","TE,FLX","Sr","290","FA","UtSt Fri 7:00PM","0","0","3","0%","0%","0","0","0","0","0","0","0","0","0","0","0","0","0","0"
"Gibson, Erik","Minn","WR,FLX","Fr","291","FA","NMSt Thu 7:00PM","0","0","5","0%","0%","0","0","0","0","0","0","0","0","0","0","0","0","0","0"
"Gill, Jaelen","OHSt","RB,FLX","Fr","292","FA","OreSt Sat 12:00PM","0","0","9","0%","0%","0","0","0","0","0","0","0","0","0","0","0","0","0","0"
"Gillison, Trenton","MSU","TE,FLX","Fr","293","WW","UtSt Fri 7:00PM","0","0","3","0%","0%","0","0","0","0","0","0","0","0","0","0","0","0","0","0"
"Gossage, Paul","Minn","WR,FLX","Jr","294","FA","NMSt Thu 7:00PM","0","0","5","0%","0%","0","0","0","0","0","0","0","0","0","0","0","0","0","0"
"Grady, Kyle","Mich","QB,FLX","Fr","295","WW","@ND Sat 7:30PM","0","0","9","0%","0%","0","0","0","0","0","0","0","0","0","0","0","0","0","0"
"Green, Cade","Wisc","WR,FLX","Fr","296","FA","W Ky Fri 9:00PM","0","0","5","0%","0%","0","0","0","0","0","0","0","0","0","0","0","0","0","0"
"Green, Seth","Minn","QB,TE,FLX","So","297","FA","NMSt Thu 7:00PM","0","0","5","0%","0%","0","0","0","0","0","0","0","0","0","0","0","0","0","0"
"Green, TJ","NW","QB,FLX","Jr","298","FA","@Purd Thu 8:00PM","0","0","4","0%","0%","1","5","0","0","0","0","0","0","1","0","0","0","0","0"
"Gregoire, Mike","Wisc","WR,FLX","Fr","299","WW","W Ky Fri 9:00PM","0","0","5","0%","0%","0","0","0","0","0","0","0","0","0","0","0","0","0","0"
"Groeneweg, Kyle","Iowa","WR,FLX","Sr","300","FA","NIU Sat 3:30PM","0","0","5","0%","0%","0","0","0","0","0","0","0","0","0","0","0","0","0","0"
"Grosz, Tyler","Mich","WR,FLX","Sr","301","WW","@ND Sat 7:30PM","0","0","9","0%","0%","0","0","0","0","0","0","0","0","0","0","0","0","0","0"
"Guerendo, Isaac","Wisc","RB,FLX","Fr","302","WW","W Ky Fri 9:00PM","0","0","5","0%","0%","0","0","0","0","0","0","0","0","0","0","0","0","0","0"
"Hallock, Tanner","MSU","RB,FLX,LB","Fr","303","FA","UtSt Fri 7:00PM","0","0","3","0%","0%","0","0","0","0","0","0","0","0","0","0","0","0","0","0"
"Hamilton, Tyler","Purd","WR,FLX","Fr","304","FA","NW Thu 8:00PM","0","0","6","0%","0%","0","0","0","0","0","0","0","0","0","0","0","0","0","0"
"Hamler, KJ","PSU","WR,FLX","Fr","305","FA","App Sat 3:30PM","0","0","6","0%","0%","0","0","0","0","0","0","0","0","0","0","0","0","0","0"
"Hanaoka, Chad","NW","RB,FLX","Sr","306","FA","@Purd Thu 8:00PM","0","0","4","0%","0%","1","0","0","0","0","0","0","0","5","0","0","0","0","0"
"Hanks, Javis","Rut","WR,FLX","Fr","307","WW","TxSt Sat 12:00PM","0","0","9","0%","0%","0","0","0","0","0","0","0","0","0","0","0","0","0","0"
"Harrell, Deron","Wisc","WR,FLX,DB","Fr","308","FA","W Ky Fri 9:00PM","0","0","5","0%","0%","0","0","0","0","0","0","0","0","0","0","0","0","0","0"
"Haskins, Hassan","Mich","RB,FLX","Fr","309","WW","@ND Sat 7:30PM","0","0","9","0%","0%","0","0","0","0","0","0","0","0","0","0","0","0","0","0"
"Hausmann, Jake","OHSt","TE,FLX","So","310","FA","OreSt Sat 12:00PM","0","0","9","0%","0%","0","0","0","0","0","0","0","0","0","0","0","0","0","0"
"Hayek, Tyler","Rut","WR,FLX","Fr","311","FA","TxSt Sat 12:00PM","0","0","9","0%","0%","0","0","0","0","0","0","0","0","0","0","0","0","0","0"
"Hayes, C.J.","MSU","WR,FLX","Fr","312","FA","UtSt Fri 7:00PM","0","0","3","0%","0%","0","0","0","0","0","0","0","0","0","0","0","0","0","0"
"Hayes, Ryan","Mich","TE,FLX","Fr","313","WW","@ND Sat 7:30PM","0","0","9","0%","0%","0","0","0","0","0","0","0","0","0","0","0","0","0","0"
"Heald, Braeden","NW","WR,FLX","Fr","314","WW","@Purd Thu 8:00PM","0","0","4","0%","0%","0","0","0","0","0","0","0","0","0","0","0","0","0","0"
"Hemphill, Austin","Neb","RB,FLX","Jr","315","FA","Akr Sat 8:00PM","0","0","9","0%","0%","0","0","0","0","0","0","0","0","0","0","0","0","0","0"
"Hendershot, Peyton","Ind","TE,FLX","Fr","316","FA","@FLInt Sat 7:00PM","0","0","10","0%","0%","0","0","0","0","0","0","0","0","0","0","0","0","0","0"
"Hewitt, Jacolby","Ind","WR,FLX","Fr","317","FA","@FLInt Sat 7:00PM","0","0","10","0%","0%","0","0","0","0","0","0","0","0","0","0","0","0","0","0"
"Hewlett, Joe","Mich","RB,FLX","Sr","318","FA","@ND Sat 7:30PM","0","0","9","0%","0%","3","0","0","0","0","0","0","0","0","0","0","0","0","0"
"Hill-Hunt, Mufi","MSU","TE,FLX,DL","So","319","FA","UtSt Fri 7:00PM","0","0","3","0%","0%","0","0","0","0","0","0","0","0","0","0","0","0","0","0"
"Hippenhammer, Mac","PSU","WR,FLX","Fr","320","FA","App Sat 3:30PM","0","0","6","0%","0%","0","0","0","0","0","0","0","0","0","0","0","0","0","0"
"Hoenstine, Alex","PSU","WR,FLX","Fr","321","FA","App Sat 3:30PM","0","0","6","0%","0%","0","0","0","0","0","0","0","0","0","0","0","0","0","0"
"Hohenstein, Branden","Neb","TE,FLX","So","322","FA","Akr Sat 8:00PM","0","0","9","0%","0%","0","0","0","0","0","0","0","0","0","0","0","0","0","0"
"Holland, Jonathan","PSU","TE,FLX","Jr","323","FA","App Sat 3:30PM","0","0","6","0%","0%","4","0","0","0","0","16","0","0","0","0","0","0","9","0"
"Holm, Justin","Neb","WR,FLX","Fr","324","FA","Akr Sat 8:00PM","0","0","9","0%","0%","0","0","0","0","0","0","0","0","0","0","0","0","0","0"
"Holman, Berkeley","NW","WR,FLX","Fr","325","FA","@Purd Thu 8:00PM","0","0","4","0%","0%","0","0","0","0","0","0","0","0","0","0","0","0","0","0"
"Holman, Zac","Ill","WR,FLX,DB","Sr","326","FA","Kent Sat 12:00PM","0","0","5","0%","0%","0","0","0","0","0","0","0","0","0","0","0","0","0","0"
"Holmes, Jordan","Ill","WR,FLX","Fr","327","FA","Kent Sat 12:00PM","0","0","5","0%","0%","0","0","0","0","0","0","0","0","0","0","0","0","0","0"
"Honas, Todd","Neb","WR,FLX","So","328","FA","Akr Sat 8:00PM","0","0","9","0%","0%","0","0","0","0","0","0","0","0","0","0","0","0","0","0"
"Horvath, Alexander","Purd","RB,FLX","Fr","329","FA","NW Thu 8:00PM","0","0","6","0%","0%","0","0","0","0","0","0","0","0","0","0","0","0","0","0"
"Hunt, Andre","Neb","WR,FLX","Fr","330","FA","Akr Sat 8:00PM","0","0","9","0%","0%","0","0","0","0","0","0","0","0","0","0","0","0","0","0"
"Ibrahim, Mohamed","Minn","RB,FLX","Fr","331","FA","NMSt Thu 7:00PM","0","0","5","0%","0%","0","0","0","0","0","0","0","0","0","0","0","0","0","0"
"Ivy, TJ","Ind","TE,FLX","Fr","332","WW","@FLInt Sat 7:00PM","0","0","10","0%","0%","0","0","0","0","0","0","0","0","0","0","0","0","0","0"
"Jackson, Paul","Wisc","WR,FLX,LB","Sr","333","FA","W Ky Fri 9:00PM","0","0","5","0%","0%","0","0","0","0","0","0","0","0","0","0","0","0","0","0"
"James, Ryan","Purd","WR,FLX","Fr","334","FA","NW Thu 8:00PM","0","0","6","0%","0%","0","0","0","0","0","0","0","0","0","0","0","0","0","0"
"Janes, Max","Minn","TE,FLX","Fr","335","FA","NMSt Thu 7:00PM","0","0","5","0%","0%","0","0","0","0","0","0","0","0","0","0","0","0","0","0"
"Jarrell, MJ","MD","WR,FLX","Fr","336","FA","Tex Sat 12:00PM","0","0","5","0%","0%","0","0","0","0","0","0","0","0","0","0","0","0","0","0"
"Jefferson, JJ","NW","WR,FLX","Fr","337","FA","@Purd Thu 8:00PM","0","0","4","0%","0%","0","0","0","0","0","0","0","0","0","0","0","0","0","0"
"Jefferson, La'Darius","MSU","RB,FLX","Fr","338","WW","UtSt Fri 7:00PM","0","0","3","0%","0%","0","0","0","0","0","0","0","0","0","0","0","0","0","0"
"Jelen, Preston","Minn","RB,FLX","Fr","339","FA","NMSt Thu 7:00PM","0","0","5","0%","0%","0","0","0","0","0","0","0","0","0","0","0","0","0","0"
"Johnson, Hunter","Wisc","RB,FLX","Fr","340","FA","W Ky Fri 9:00PM","0","0","5","0%","0%","0","0","0","0","0","0","0","0","0","0","0","0","0","0"
"Jones, Bradford","Mich","TE,FLX","Sr","341","FA","@ND Sat 7:30PM","0","0","9","0%","0%","0","0","0","0","0","0","0","0","0","0","0","0","0","0"
"Jones, Brandon","Ill","RB,TE,FLX","So","342","FA","Kent Sat 12:00PM","0","0","5","0%","0%","0","0","0","0","0","0","0","0","0","0","0","0","0","0"
"Jones, Chris","MD","WR,FLX","Sr","343","FA","Tex Sat 12:00PM","0","0","5","0%","0%","0","0","0","0","0","0","0","0","0","0","0","0","0","0"
"Jones, Darryl","MD","WR,FLX","Fr","344","WW","Tex Sat 12:00PM","0","0","5","0%","0%","0","0","0","0","0","0","0","0","0","0","0","0","0","0"
"Jones, Jeshaun","MD","WR,FLX","Fr","345","FA","Tex Sat 12:00PM","0","0","5","0%","0%","0","0","0","0","0","0","0","0","0","0","0","0","0","0"
"Jones, Miles","Neb","RB,WR,FLX","Fr","346","FA","Akr Sat 8:00PM","0","0","9","0%","0%","0","0","0","0","0","0","0","0","0","0","0","0","0","0"
"Jones, Shameen","Rut","WR,FLX","Fr","347","FA","TxSt Sat 12:00PM","0","0","9","0%","0%","0","0","0","0","0","0","0","0","0","0","0","0","0","0"
"Jordan, Jalen","Rut","WR,TE,FLX","Fr","348","FA","TxSt Sat 12:00PM","0","0","9","0%","0%","0","0","0","0","0","0","0","0","0","0","0","0","0","0"
"Jurgens, Cameron","Neb","TE,FLX","Fr","349","FA","Akr Sat 8:00PM","0","0","9","0%","0%","0","0","0","0","0","0","0","0","0","0","0","0","0","0"
"Kaiser, Brian","NW","TE,FLX","Fr","350","FA","@Purd Thu 8:00PM","0","0","4","0%","0%","0","0","0","0","0","0","0","0","0","0","0","0","0","0"
"Kapisak, Connor","Iowa","QB,FLX","Fr","351","WW","NIU Sat 3:30PM","0","0","5","0%","0%","0","0","0","0","0","0","0","0","0","0","0","0","0","0"
"Kelly, Austin","Iowa","RB,FLX","Sr","352","FA","NIU Sat 3:30PM","0","0","5","0%","0%","1","0","0","0","0","0","0","0","0","0","0","0","7","0"
"Kitrell, Bo","Neb","RB,TE,FLX","Sr","353","FA","Akr Sat 8:00PM","0","0","9","0%","0%","0","0","0","0","0","0","0","0","0","0","0","0","0","0"
"Krull, Bryson","Neb","TE,FLX","Fr","354","FA","Akr Sat 8:00PM","0","0","9","0%","0%","0","0","0","0","0","0","0","0","0","0","0","0","0","0"
"Krumholz, Adam","Wisc","WR,FLX","So","355","FA","W Ky Fri 9:00PM","0","0","5","0%","0%","0","0","0","0","0","0","0","0","0","0","0","0","0","0"
"Krumm, Nick","MSU","WR,FLX","Jr","356","FA","UtSt Fri 7:00PM","0","0","3","0%","0%","0","0","0","0","0","0","0","0","0","0","0","0","0","0"
"Kujawa, Tommy","Iowa","TE,FLX","Fr","357","FA","NIU Sat 3:30PM","0","0","5","0%","0%","0","0","0","0","0","0","0","0","0","0","0","0","0","0"
"Kuntz, Zack","PSU","TE,FLX","Fr","358","FA","App Sat 3:30PM","0","0","6","0%","0%","0","0","0","0","0","0","0","0","0","0","0","0","0","0"
"Lacewell, Zihir","Rut","WR,FLX","Fr","359","WW","TxSt Sat 12:00PM","0","0","9","0%","0%","0","0","0","0","0","0","0","0","0","0","0","0","0","0"
"Lansbury, Will","NW","WR,FLX","Fr","360","FA","@Purd Thu 8:00PM","0","0","4","0%","0%","0","0","0","0","0","0","0","0","0","0","0","0","0","0"
"Legrone, Katerian","Neb","WR,TE,FLX","Fr","361","FA","Akr Sat 8:00PM","0","0","9","0%","0%","0","0","0","0","0","0","0","0","0","0","0","0","0","0"
"Levis, Will","PSU","QB,FLX","Fr","362","FA","App Sat 3:30PM","0","0","6","0%","0%","0","0","0","0","0","0","0","0","0","0","0","0","0","0"
"Lewandowski, Davis","MSU","WR,FLX","Jr","363","FA","UtSt Fri 7:00PM","0","0","3","0%","0%","0","0","0","0","0","0","0","0","0","0","0","0","0","0"
"Lewis, Eddie","Rut","WR,FLX","Fr","364","FA","TxSt Sat 12:00PM","0","0","9","0%","0%","0","0","0","0","0","0","0","0","0","0","0","0","0","0"
"Lewis, Rayshad","MD","WR,FLX,DB","So","365","FA","Tex Sat 12:00PM","0","0","5","0%","0%","0","0","0","0","0","0","0","0","0","0","0","0","0","0"
"Liewer, Wyatt","Neb","WR,FLX","Fr","366","FA","Akr Sat 8:00PM","0","0","9","0%","0%","0","0","0","0","0","0","0","0","0","0","0","0","0","0"
"Line, Ben","MSU","RB,FLX","Sr","367","FA","UtSt Fri 7:00PM","0","0","3","0%","0%","0","0","0","0","0","0","0","0","0","0","0","0","0","0"
"Lloyd, Ahrod","Ind","RB,FLX","Fr","368","FA","@FLInt Sat 7:00PM","0","0","10","0%","0%","0","0","0","0","0","0","0","0","0","0","0","0","0","0"
"Lloyd, Gabe","Wisc","TE,FLX","So","369","FA","W Ky Fri 9:00PM","0","0","5","0%","0%","3","0","0","0","0","0","0","0","0","0","0","0","0","0"
"Lockett, Calvin","Iowa","WR,FLX","Fr","370","FA","NIU Sat 3:30PM","0","0","5","0%","0%","0","0","0","0","0","0","0","0","0","0","0","0","0","0"
"Lombardi, Rocky","MSU","QB,FLX","Fr","371","FA","UtSt Fri 7:00PM","0","0","3","0%","0%","0","0","0","0","0","0","0","0","0","0","0","0","0","0"
"London, Dominik","Minn","RB,FLX","Fr","372","FA","NMSt Thu 7:00PM","0","0","5","0%","0%","0","0","0","0","0","0","0","0","0","0","0","0","0","0"
"Lucas, Collin","MSU","RB,FLX","Sr","373","FA","UtSt Fri 7:00PM","0","0","3","0%","0%","0","0","0","0","0","0","0","0","0","0","0","0","0","0"
"Ludwig, Joe","Iowa","RB,FLX,LB","Fr","374","FA","NIU Sat 3:30PM","0","0","5","0%","0%","0","0","0","0","0","0","0","0","0","0","0","0","0","0"
"Lutz, Isaac","PSU","WR,FLX","So","375","FA","App Sat 3:30PM","0","0","6","0%","0%","0","0","0","0","0","0","0","0","0","0","0","0","0","0"
"MIlton, Joe","Mich","QB,FLX","Fr","376","FA","@ND Sat 7:30PM","0","0","9","0%","0%","0","0","0","0","0","0","0","0","0","0","0","0","0","0"
"Macius, Mickey","MSU","QB,FLX","Sr","377","FA","UtSt Fri 7:00PM","0","0","3","0%","0%","0","0","0","0","0","0","0","0","0","0","0","0","0","0"
"Major, Julian","MSU","WR,FLX","Fr","378","FA","UtSt Fri 7:00PM","0","0","3","0%","0%","0","0","0","0","0","0","0","0","0","0","0","0","0","0"
"Malone, Derrick","OHSt","TE,FLX","Sr","379","FA","OreSt Sat 12:00PM","0","0","9","0%","0%","0","0","0","0","0","0","0","0","0","0","0","0","0","0"
"Mangieri, Charlie","NW","TE,FLX","Fr","380","FA","@Purd Thu 8:00PM","0","0","4","0%","0%","0","0","0","0","0","0","0","0","0","0","0","0","0","0"
"Manns, Jornell","Minn","WR,FLX","Fr","381","FA","NMSt Thu 7:00PM","0","0","5","0%","0%","0","0","0","0","0","0","0","0","0","0","0","0","0","0"
"Mansell, Peyton","Iowa","QB,FLX","Fr","382","FA","NIU Sat 3:30PM","0","0","5","0%","0%","0","0","0","0","0","0","0","0","0","0","0","0","0","0"
"Marchese, Henry","Iowa","WR,FLX","Fr","383","FA","NIU Sat 3:30PM","0","0","5","0%","0%","0","0","0","0","0","0","0","0","0","0","0","0","0","0"
"Marshall, Miles","Ind","WR,FLX","Fr","384","WW","@FLInt Sat 7:00PM","0","0","10","0%","0%","0","0","0","0","0","0","0","0","0","0","0","0","0","0"
"Martell, Tate","OHSt","QB,FLX","Fr","385","FA","OreSt Sat 12:00PM","0","0","9","0%","0%","0","0","0","0","0","0","0","0","0","0","0","0","0","0"
"Martin, Jake","Mich","WR,FLX","Jr","386","FA","@ND Sat 7:30PM","0","0","9","0%","0%","0","0","0","0","0","0","0","0","0","0","0","0","0","0"
"Martin, Oliver","Mich","WR,FLX","So","387","FA","@ND Sat 7:30PM","0","0","9","0%","0%","0","0","0","0","0","0","0","0","0","0","0","0","0","0"
"Marty, Andrew","NW","QB,FLX","Fr","388","FA","@Purd Thu 8:00PM","0","0","4","0%","0%","0","0","0","0","0","0","0","0","0","0","0","0","0","0"
"Masker, Matt","Neb","QB,FLX","Fr","389","FA","Akr Sat 8:00PM","0","0","9","0%","0%","0","0","0","0","0","0","0","0","0","0","0","0","0","0"
"Maxwell, Colton","PSU","WR,FLX","So","390","FA","App Sat 3:30PM","0","0","6","0%","0%","0","0","0","0","0","0","0","0","0","0","0","0","0","0"
"Mays, Sam","Ill","WR,FLX","Sr","391","FA","Kent Sat 12:00PM","0","0","5","0%","0%","1","0","0","0","0","-4","0","0","0","0","0","0","0","0"
"Mazour, Wyatt","Neb","RB,FLX","Jr","392","FA","Akr Sat 8:00PM","0","0","9","0%","0%","0","0","0","0","0","0","0","0","0","0","0","0","0","0"
"McCaffrey, Dylan","Mich","QB,FLX","So","393","FA","@ND Sat 7:30PM","0","0","9","0%","0%","0","0","0","0","0","0","0","0","0","0","0","0","0","0"
"McCurry, Jake","Mich","WR,FLX,DB","So","394","FA","@ND Sat 7:30PM","0","0","9","0%","0%","0","0","0","0","0","0","0","0","0","0","0","0","0","0"
"McFarland, Anthony","MD","RB,FLX","Fr","395","FA","Tex Sat 12:00PM","0","0","5","0%","0%","0","0","0","0","0","0","0","0","0","0","0","0","0","0"
"McGriff, Justin","Neb","WR,FLX","Fr","396","FA","Akr Sat 8:00PM","0","0","9","0%","0%","0","0","0","0","0","0","0","0","0","0","0","0","0","0"
"McMahon, Amari","OHSt","RB,FLX","Jr","397","FA","OreSt Sat 12:00PM","0","0","9","0%","0%","0","0","0","0","0","0","0","0","0","0","0","0","0","0"
"McQuitty, Jaevon","Neb","WR,FLX","Fr","398","FA","Akr Sat 8:00PM","0","0","9","0%","0%","0","0","0","0","0","0","0","0","0","0","0","0","0","0"
"Moore, Rondale","Purd","WR,FLX","Fr","399","WW","NW Thu 8:00PM","0","0","6","0%","0%","0","0","0","0","0","0","0","0","0","0","0","0","0","0"
"Morgan, Tanner","Minn","QB,FLX","Fr","400","FA","NMSt Thu 7:00PM","0","0","5","0%","0%","0","0","0","0","0","0","0","0","0","0","0","0","0","0"
"Morgan, Teldrick","MD","WR,FLX","Sr","401","FA","Tex Sat 12:00PM","0","0","5","0%","0%","0","0","0","0","0","0","0","0","0","0","0","0","0","0"
"Morse, Matt","Minn","WR,FLX","Jr","402","FA","NMSt Thu 7:00PM","0","0","5","0%","0%","0","0","0","0","0","0","0","0","0","0","0","0","0","0"
"Muhammad, Mustapha","Mich","TE,FLX","Fr","403","WW","@ND Sat 7:30PM","0","0","9","0%","0%","0","0","0","0","0","0","0","0","0","0","0","0","0","0"
"Murphy, Cole","Rut","WR,FLX","Jr","404","FA","TxSt Sat 12:00PM","0","0","9","0%","0%","0","0","0","0","0","0","0","0","0","0","0","0","0","0"
"Mustapha, Taj","Wisc","WR,FLX","Fr","405","FA","W Ky Fri 9:00PM","0","0","5","0%","0%","0","0","0","0","0","0","0","0","0","0","0","0","0","0"
"Myers, Brandon","Rut","RB,FLX","Fr","406","WW","TxSt Sat 12:00PM","0","0","9","0%","0%","0","0","0","0","0","0","0","0","0","0","0","0","0","0"
"Nelson, Craig","Ind","RB,FLX","Fr","407","FA","@FLInt Sat 7:00PM","0","0","10","0%","0%","0","0","0","0","0","0","0","0","0","0","0","0","0","0"
"Nelson, Sean","MD","WR,FLX","Fr","408","FA","Tex Sat 12:00PM","0","0","5","0%","0%","0","0","0","0","0","0","0","0","0","0","0","0","0","0"
"Niro III, Raymond","NW","WR,FLX","Fr","409","FA","@Purd Thu 8:00PM","0","0","4","0%","0%","0","0","0","0","0","0","0","0","0","0","0","0","0","0"
"Nittolo, Rob","Rut","QB,FLX","Sr","410","FA","TxSt Sat 12:00PM","0","0","9","0%","0%","0","0","0","0","0","0","0","0","0","0","0","0","0","0"
"Norwood, Jakari","Ill","RB,FLX","Fr","411","FA","Kent Sat 12:00PM","0","0","5","0%","0%","0","0","0","0","0","0","0","0","0","0","0","0","0","0"
"O'Connell, Aidan","Purd","QB,FLX","Fr","412","FA","NW Thu 8:00PM","0","0","6","0%","0%","0","0","0","0","0","0","0","0","0","0","0","0","0","0"
"Oelsner, Alex","NW","TE,FLX","Fr","413","FA","@Purd Thu 8:00PM","0","0","4","0%","0%","0","0","0","0","0","0","0","0","0","0","0","0","0","0"
"Ogwuegbu, Ikechukwu","MD","RB,FLX","Jr","414","FA","Tex Sat 12:00PM","0","0","5","0%","0%","0","0","0","0","0","0","0","0","0","0","0","0","0","0"
"Okonkwo, Chigoziem","MD","TE,FLX","Fr","415","FA","Tex Sat 12:00PM","0","0","5","0%","0%","0","0","0","0","0","0","0","0","0","0","0","0","0","0"
"Olave, Chris","OHSt","WR,FLX","Fr","416","FA","OreSt Sat 12:00PM","0","0","9","0%","0%","0","0","0","0","0","0","0","0","0","0","0","0","0","0"
"Otte, Simon","Neb","WR,FLX,LB,DB","Fr","417","FA","Akr Sat 8:00PM","0","0","9","0%","0%","0","0","0","0","0","0","0","0","0","0","0","0","0","0"
"Pabst, Johnny","Ind","QB,FLX","Fr","418","FA","@FLInt Sat 7:00PM","0","0","10","0%","0%","0","0","0","0","0","0","0","0","0","0","0","0","0","0"
"Pacheco, Isaih","Rut","RB,FLX","Fr","419","FA","TxSt Sat 12:00PM","0","0","9","0%","0%","0","0","0","0","0","0","0","0","0","0","0","0","0","0"
"Pallissard, Turner","Iowa","RB,FLX","Fr","420","FA","NIU Sat 3:30PM","0","0","5","0%","0%","0","0","0","0","0","0","0","0","0","0","0","0","0","0"
"Palmer, Griffin","Ill","TE,FLX","So","421","FA","Kent Sat 12:00PM","0","0","5","0%","0%","0","0","0","0","0","0","0","0","0","0","0","0","0","0"
"Park, Andrew","MD","TE,FLX","Fr","422","FA","Tex Sat 12:00PM","0","0","5","0%","0%","0","0","0","0","0","0","0","0","0","0","0","0","0","0"
"Paulson, Jake","Minn","TE,FLX","Fr","423","FA","NMSt Thu 7:00PM","0","0","5","0%","0%","0","0","0","0","0","0","0","0","0","0","0","0","0","0"
"Pechac, Kristian","Ind","RB,FLX","Fr","424","WW","@FLInt Sat 7:00PM","0","0","10","0%","0%","0","0","0","0","0","0","0","0","0","0","0","0","0","0"
"Penix Jr., Michael","Ind","QB,FLX","Fr","425","FA","@FLInt Sat 7:00PM","0","0","10","0%","0%","0","0","0","0","0","0","0","0","0","0","0","0","0","0"
"Perry, Emmet","Wisc","WR,FLX","Fr","426","FA","W Ky Fri 9:00PM","0","0","5","0%","0%","0","0","0","0","0","0","0","0","0","0","0","0","0","0"
"Petras, Spencer","Iowa","QB,FLX","Fr","427","FA","NIU Sat 3:30PM","0","0","5","0%","0%","0","0","0","0","0","0","0","0","0","0","0","0","0","0"
"Pickerign, Samuel","Minn","QB,FLX","Fr","428","FA","NMSt Thu 7:00PM","0","0","5","0%","0%","0","0","0","0","0","0","0","0","0","0","0","0","0","0"
"Pihlstrom, Alex","Ill","TE,FLX","Fr","429","FA","Kent Sat 12:00PM","0","0","5","0%","0%","0","0","0","0","0","0","0","0","0","0","0","0","0","0"
"Pimentel, Jonathan","Rut","TE,FLX","Fr","430","WW","TxSt Sat 12:00PM","0","0","9","0%","0%","0","0","0","0","0","0","0","0","0","0","0","0","0","0"
"Plocki, Tyler","Mich","RB,FLX","So","431","FA","@ND Sat 7:30PM","0","0","9","0%","0%","0","0","0","0","0","0","0","0","0","0","0","0","0","0"
"Plummer, Jack","Purd","QB,FLX","Fr","432","FA","NW Thu 8:00PM","0","0","6","0%","0%","0","0","0","0","0","0","0","0","0","0","0","0","0","0"
"Pottebaum, Monte","Iowa","RB,FLX,LB","Fr","433","FA","NIU Sat 3:30PM","0","0","5","0%","0%","0","0","0","0","0","0","0","0","0","0","0","0","0","0"
"Prater, Garyn","OHSt","WR,FLX","So","434","FA","OreSt Sat 12:00PM","0","0","9","0%","0%","0","0","0","0","0","0","0","0","0","0","0","0","0","0"
"Prather, James","NW","TE,FLX","Sr","435","FA","@Purd Thu 8:00PM","0","0","4","0%","0%","1","0","0","0","0","9","0","0","0","0","0","0","0","0"
"Pugh, Aslan","Rut","RB,FLX","So","436","FA","TxSt Sat 12:00PM","0","0","9","0%","0%","1","0","0","0","0","0","0","0","5","0","0","0","0","0"
"Pugh, Trey","NW","TE,FLX","So","437","FA","@Purd Thu 8:00PM","0","0","4","0%","0%","0","0","0","0","0","0","0","0","0","0","0","0","0","0"
"Rafdal, Kurt","Neb","TE,FLX","Fr","438","FA","Akr Sat 8:00PM","0","0","9","0%","0%","0","0","0","0","0","0","0","0","0","0","0","0","0","0"
"Ragaini, Nico","Iowa","WR,FLX","Fr","439","FA","NIU Sat 3:30PM","0","0","5","0%","0%","0","0","0","0","0","0","0","0","0","0","0","0","0","0"
"Reese, Steven","NW","WR,FLX","Jr","440","FA","@Purd Thu 8:00PM","0","0","4","0%","0%","0","0","0","0","0","0","0","0","0","0","0","0","0","0"
"Rivers II, M.J.","Ill","QB,FLX","Fr","441","FA","Kent Sat 12:00PM","0","0","5","0%","0%","0","0","0","0","0","0","0","0","0","0","0","0","0","0"
"Robbins, Brandon","Neb","WR,FLX","Fr","442","FA","Akr Sat 8:00PM","0","0","9","0%","0%","0","0","0","0","0","0","0","0","0","0","0","0","0","0"
"Roberts, Austin","Ill","RB,TE,FLX","Sr","443","FA","Kent Sat 12:00PM","0","0","5","0%","0%","2","0","0","0","0","0","0","0","3","0","0","0","5","0"
"Robinson, Daevon","Rut","WR,FLX","Fr","444","WW","TxSt Sat 12:00PM","0","0","9","0%","0%","0","0","0","0","0","0","0","0","0","0","0","0","0","0"
"Robinson, Matt","Ill","QB,FLX","Fr","445","FA","Kent Sat 12:00PM","0","0","5","0%","0%","0","0","0","0","0","0","0","0","0","0","0","0","0","0"
"Rosenthal, Max","MSU","RB,FLX","Fr","446","FA","UtSt Fri 7:00PM","0","0","3","0%","0%","0","0","0","0","0","0","0","0","0","0","0","0","0","0"
"Roski, Zack","MD","TE,FLX","So","447","FA","Tex Sat 12:00PM","0","0","5","0%","0%","0","0","0","0","0","0","0","0","0","0","0","0","0","0"
"Ross, Brady","Iowa","RB,FLX","Jr","448","FA","NIU Sat 3:30PM","0","0","5","0%","0%","4","0","0","0","0","5","0","0","0","0","0","0","0","0"
"Rossi, Mitch","OHSt","RB,FLX","So","449","FA","OreSt Sat 12:00PM","0","0","9","0%","0%","0","0","0","0","0","0","0","0","0","0","0","0","0","0"
"Ruckert, Jeremy","OHSt","TE,FLX","Fr","450","FA","OreSt Sat 12:00PM","0","0","9","0%","0%","0","0","0","0","0","0","0","0","0","0","0","0","0","0"
"Ruth, Connor","Neb","RB,FLX","Fr","451","FA","Akr Sat 8:00PM","0","0","9","0%","0%","0","0","0","0","0","0","0","0","0","0","0","0","0","0"
"Saari, Mark","Wisc","RB,FLX","Sr","452","FA","W Ky Fri 9:00PM","0","0","5","0%","0%","0","0","0","0","0","0","0","0","0","0","0","0","0","0"
"Sampson, Cormac","Wisc","TE,FLX","Fr","453","WW","W Ky Fri 9:00PM","0","0","5","0%","0%","0","0","0","0","0","0","0","0","0","0","0","0","0","0"
"Samuels, O'Maury","Mich","RB,FLX","So","454","FA","@ND Sat 7:30PM","0","0","9","0%","0%","6","0","0","0","0","0","0","0","13","0","0","0","0","0"
"Sandy, Carlos","Ill","WR,FLX","Fr","455","FA","Kent Sat 12:00PM","0","0","5","0%","0%","0","0","0","0","0","0","0","0","0","0","0","0","0","0"
"Santaga, Jon","Minn","QB,FLX,DB","Fr","456","FA","NMSt Thu 7:00PM","0","0","5","0%","0%","0","0","0","0","0","0","0","0","0","0","0","0","0","0"
"Sargent, Mekhi","Iowa","RB,FLX","So","457","WW","NIU Sat 3:30PM","0","0","5","0%","0%","0","0","0","0","0","0","0","0","0","0","0","0","0","0"
"Sargent, Noah","MSU","RB,FLX","So","458","FA","UtSt Fri 7:00PM","0","0","3","0%","0%","0","0","0","0","0","0","0","0","0","0","0","0","0","0"
"Schipper, Brady","Wisc","WR,FLX","Fr","459","WW","W Ky Fri 9:00PM","0","0","5","0%","0%","0","0","0","0","0","0","0","0","0","0","0","0","0","0"
"Schmidt, Ryan","Iowa","QB,FLX","Jr","460","FA","NIU Sat 3:30PM","0","0","5","0%","0%","0","0","0","0","0","0","0","0","0","0","0","0","0","0"
"Schoonmaker, Luke","Mich","TE,FLX","Fr","461","WW","@ND Sat 7:30PM","0","0","9","0%","0%","0","0","0","0","0","0","0","0","0","0","0","0","0","0"
"Schulte, Bryce","Iowa","TE,FLX","Fr","462","FA","NIU Sat 3:30PM","0","0","5","0%","0%","0","0","0","0","0","0","0","0","0","0","0","0","0","0"
"Schwob, Robert","MD","TE,FLX","So","463","FA","Tex Sat 12:00PM","0","0","5","0%","0%","0","0","0","0","0","0","0","0","0","0","0","0","0","0"
"Scott, Stevie","Ind","RB,FLX","Fr","464","WW","@FLInt Sat 7:00PM","0","0","10","0%","0%","0","0","0","0","0","0","0","0","0","0","0","0","0","0"
"Selzer, Carter","Mich","TE,FLX","So","465","FA","@ND Sat 7:30PM","0","0","9","0%","0%","0","0","0","0","0","0","0","0","0","0","0","0","0","0"
"Sessa, Michael","Mich","QB,FLX","Jr","466","FA","@ND Sat 7:30PM","0","0","9","0%","0%","0","0","0","0","0","0","0","0","0","0","0","0","0","0"
"Seybert, Matt","MSU","TE,FLX,DL","Jr","467","FA","UtSt Fri 7:00PM","0","0","3","0%","0%","0","0","0","0","0","0","0","0","0","0","0","0","0","0"
"Shayotovich, Luke","Ind","WR,FLX","Fr","468","WW","@FLInt Sat 7:00PM","0","0","10","0%","0%","0","0","0","0","0","0","0","0","0","0","0","0","0","0"
"Shoop, Tyler","PSU","WR,FLX","Jr","469","FA","App Sat 3:30PM","0","0","6","0%","0%","0","0","0","0","0","0","0","0","0","0","0","0","0","0"
"Shorter, Justin","PSU","WR,FLX","Fr","470","FA","App Sat 3:30PM","0","0","6","0%","0%","0","0","0","0","0","0","0","0","0","0","0","0","0","0"
"Shuster, Michael","PSU","QB,FLX","So","471","FA","App Sat 3:30PM","0","0","6","0%","0%","0","0","0","0","0","0","0","0","0","0","0","0","0","0"
"Sims, Kenyon","Ill","RB,FLX","Fr","472","FA","Kent Sat 12:00PM","0","0","5","0%","0%","0","0","0","0","0","0","0","0","0","0","0","0","0","0"
"Sipe, Nick","Purd","QB,FLX","Fr","473","FA","NW Thu 8:00PM","0","0","6","0%","0%","0","0","0","0","0","0","0","0","0","0","0","0","0","0"
"Sitkowski, Artur","Rut","QB,FLX","Fr","474","FA","TxSt Sat 12:00PM","0","0","9","0%","0%","0","0","0","0","0","0","0","0","0","0","0","0","0","0"
"Slade, Ricky","PSU","RB,FLX","Fr","475","FA","App Sat 3:30PM","0","0","6","0%","0%","0","0","0","0","0","0","0","0","0","0","0","0","0","0"
"Smith, Aidan","NW","QB,FLX","So","476","FA","@Purd Thu 8:00PM","0","0","4","0%","0%","0","0","0","0","0","0","0","0","0","0","0","0","0","0"
"Smith, Kendall","Ill","WR,FLX,DB","So","477","FA","Kent Sat 12:00PM","0","0","5","0%","0%","1","0","0","0","0","0","0","0","0","0","0","0","0","0"
"Smith, L'Christian","OHSt","WR,FLX","Fr","478","FA","OreSt Sat 12:00PM","0","0","9","0%","0%","0","0","0","0","0","0","0","0","0","0","0","0","0","0"
"Snead, Brian","OHSt","RB,FLX","Fr","479","FA","OreSt Sat 12:00PM","0","0","9","0%","0%","0","0","0","0","0","0","0","0","0","0","0","0","0","0"
"Sneed, Trey","Rut","RB,FLX","So","480","FA","TxSt Sat 12:00PM","0","0","9","0%","0%","0","0","0","0","0","0","0","0","0","0","0","0","0","0"
"Snorweah, Charles","Rut","RB,FLX","Jr","481","FA","TxSt Sat 12:00PM","0","0","9","0%","0%","0","0","0","0","0","0","0","0","0","0","0","0","0","0"
"Sowards, Brandon","MSU","WR,FLX","Sr","482","FA","UtSt Fri 7:00PM","0","0","3","0%","0%","0","0","0","0","0","0","0","0","0","0","0","0","0","0"
"Spann-Ford, Brevyn","Minn","TE,FLX","Fr","483","FA","NMSt Thu 7:00PM","0","0","5","0%","0%","0","0","0","0","0","0","0","0","0","0","0","0","0","0"
"Stacy, Cam","Ill","WR,FLX","Fr","484","WW","Kent Sat 12:00PM","0","0","5","0%","0%","0","0","0","0","0","0","0","0","0","0","0","0","0","0"
"Stampley, Dominic","Ill","WR,FLX","So","485","WW","Kent Sat 12:00PM","0","0","5","0%","0%","0","0","0","0","0","0","0","0","0","0","0","0","0","0"
"Stillmunkes, Kordell","Iowa","RB,FLX","Fr","486","FA","NIU Sat 3:30PM","0","0","5","0%","0%","0","0","0","0","0","0","0","0","0","0","0","0","0","0"
"Subbert, Ben","Iowa","TE,FLX","Fr","487","FA","NIU Sat 3:30PM","0","0","5","0%","0%","0","0","0","0","0","0","0","0","0","0","0","0","0","0"
"Suitt, Mason","NW","WR,FLX","Fr","488","WW","@Purd Thu 8:00PM","0","0","4","0%","0%","0","0","0","0","0","0","0","0","0","0","0","0","0","0"
"Sullivan-Brown, Cam","PSU","WR,FLX","Fr","489","FA","App Sat 3:30PM","0","0","6","0%","0%","0","0","0","0","0","0","0","0","0","0","0","0","0","0"
"Taylor, Coran","Ill","QB,FLX","Fr","490","FA","Kent Sat 12:00PM","0","0","5","0%","0%","0","0","0","0","0","0","0","0","0","0","0","0","0","0"
"Taylor, Kory","Purd","WR,FLX","Fr","491","WW","NW Thu 8:00PM","0","0","6","0%","0%","0","0","0","0","0","0","0","0","0","0","0","0","0","0"
"Taylor, Kurt","Mich","RB,FLX","So","492","FA","@ND Sat 7:30PM","0","0","9","0%","0%","0","0","0","0","0","0","0","0","0","0","0","0","0","0"
"Taylor, Prince","Rut","WR,FLX","So","493","FA","TxSt Sat 12:00PM","0","0","9","0%","0%","0","0","0","0","0","0","0","0","0","0","0","0","0","0"
"Taylor, Reese","Ind","WR,FLX,DB","Fr","494","WW","@FLInt Sat 7:00PM","0","0","10","0%","0%","0","0","0","0","0","0","0","0","0","0","0","0","0","0"
"Teague, Master","OHSt","RB,FLX","Fr","495","FA","OreSt Sat 12:00PM","0","0","9","0%","0%","0","0","0","0","0","0","0","0","0","0","0","0","0","0"
"Thomas, Alante","MSU","RB,FLX","So","496","FA","UtSt Fri 7:00PM","0","0","3","0%","0%","0","0","0","0","0","0","0","0","0","0","0","0","0","0"
"Thomas, Connor","Ind","RB,FLX","So","497","FA","@FLInt Sat 7:00PM","0","0","10","0%","0%","3","0","0","0","0","0","0","0","6","0","0","0","0","0"
"Thomas, Drew","Iowa","WR,FLX","Fr","498","FA","NIU Sat 3:30PM","0","0","5","0%","0%","0","0","0","0","0","0","0","0","0","0","0","0","0","0"
"Thomas, Dylan","Ill","WR,FLX","Fr","499","FA","Kent Sat 12:00PM","0","0","5","0%","0%","0","0","0","0","0","0","0","0","0","0","0","0","0","0"
"Thomas, Johnathan","PSU","RB,FLX","Sr","500","FA","App Sat 3:30PM","0","0","6","0%","0%","4","0","0","0","0","0","0","0","0","0","0","0","0","0"
"Thompson, True","Minn","WR,FLX","So","501","FA","NMSt Thu 7:00PM","0","0","5","0%","0%","0","0","0","0","0","0","0","0","0","0","0","0","0","0"
"Thurman, Andrew","Neb","WR,FLX","Fr","502","FA","Akr Sat 8:00PM","0","0","9","0%","0%","0","0","0","0","0","0","0","0","0","0","0","0","0","0"
"Tirmonia, Jackson","NW","WR,FLX","So","503","FA","@Purd Thu 8:00PM","0","0","4","0%","0%","1","0","0","0","0","5","0","0","0","0","0","0","0","0"
"Tracy, Jr., Tyrone","Iowa","WR,FLX","Fr","504","FA","NIU Sat 3:30PM","0","0","5","0%","0%","0","0","0","0","0","0","0","0","0","0","0","0","0","0"
"Trussell, Jess","Purd","TE,FLX","Jr","505","FA","NW Thu 8:00PM","0","0","6","0%","0%","0","0","0","0","0","0","0","0","0","0","0","0","0","0"
"Turner, Christian","Mich","RB,FLX","Fr","506","WW","@ND Sat 7:30PM","0","0","9","0%","0%","0","0","0","0","0","0","0","0","0","0","0","0","0","0"
"Van Dyne, Harry","Minn","WR,FLX","Fr","507","FA","NMSt Thu 7:00PM","0","0","5","0%","0%","0","0","0","0","0","0","0","0","0","0","0","0","0","0"
"Van Dyne, Yale","Minn","WR,FLX","So","508","FA","NMSt Thu 7:00PM","0","0","5","0%","0%","0","0","0","0","0","0","0","0","0","0","0","0","0","0"
"VanSumeren, Ben","Mich","RB,FLX","Fr","509","WW","@ND Sat 7:30PM","0","0","9","0%","0%","0","0","0","0","0","0","0","0","0","0","0","0","0","0"
"Vanden Boom, Danny","Wisc","QB,FLX","Fr","510","FA","W Ky Fri 9:00PM","0","0","5","0%","0%","0","0","0","0","0","0","0","0","0","0","0","0","0","0"
"Vault, Solomon","NW","WR,FLX","Sr","511","FA","@Purd Thu 8:00PM","0","0","4","0%","0%","0","0","0","0","0","0","0","0","0","0","0","0","0","0"
"Veingrad, Ryan","Mich","TE,FLX,DL","So","512","FA","@ND Sat 7:30PM","0","0","9","0%","0%","0","0","0","0","0","0","0","0","0","0","0","0","0","0"
"Vejvoda, Nate","Iowa","TE,FLX","Jr","513","FA","NIU Sat 3:30PM","0","0","5","0%","0%","0","0","0","0","0","0","0","0","0","0","0","0","0","0"
"Wainwright, Muhammad","Rut","TE,FLX,DL","Sr","514","WW","TxSt Sat 12:00PM","0","0","9","0%","0%","0","0","0","0","0","0","0","0","0","0","0","0","0","0"
"Walker Jr., Ronnie","Ind","RB,FLX","Fr","515","FA","@FLInt Sat 7:00PM","0","0","10","0%","0%","0","0","0","0","0","0","0","0","0","0","0","0","0","0"
"Walker, Bobby","Ill","TE,FLX","Jr","516","FA","Kent Sat 12:00PM","0","0","5","0%","0%","3","0","0","0","0","7","0","0","0","0","0","0","5","0"
"Wangler, Jared","Mich","RB,FLX","Sr","517","FA","@ND Sat 7:30PM","0","0","9","0%","0%","3","0","0","0","0","0","0","0","0","0","0","0","0","0"
"Wanner, Coy","Wisc","RB,TE,FLX","Fr","518","FA","W Ky Fri 9:00PM","0","0","5","0%","0%","0","0","0","0","0","0","0","0","0","0","0","0","0","0"
"Warner, Kade","Neb","WR,FLX","Fr","519","FA","Akr Sat 8:00PM","0","0","9","0%","0%","0","0","0","0","0","0","0","0","0","0","0","0","0","0"
"Washington, Maurice","Neb","RB,FLX","Fr","520","FA","Akr Sat 8:00PM","0","0","9","0%","0%","0","0","0","0","0","0","0","0","0","0","0","0","0","0"
"Watson, Nakia","Wisc","RB,FLX","Fr","521","WW","W Ky Fri 9:00PM","0","0","5","0%","0%","0","0","0","0","0","0","0","0","0","0","0","0","0","0"
"Watt, Dominick","Neb","WR,FLX","Fr","522","FA","Akr Sat 8:00PM","0","0","9","0%","0%","0","0","0","0","0","0","0","0","0","0","0","0","0","0"
"Watts, Jahz","MSU","WR,FLX","Fr","523","FA","UtSt Fri 7:00PM","0","0","3","0%","0%","0","0","0","0","0","0","0","0","0","0","0","0","0","0"
"Welde, Christopher","PSU","RB,WR,FLX,DB","Jr","524","FA","App Sat 3:30PM","0","0","6","0%","0%","0","0","0","0","0","0","0","0","0","0","0","0","0","0"
"Weller, Justin","PSU","WR,FLX","Fr","525","FA","App Sat 3:30PM","0","0","6","0%","0%","0","0","0","0","0","0","0","0","0","0","0","0","0","0"
"West, Jacob","Mich","QB,FLX,DB","Sr","526","FA","@ND Sat 7:30PM","0","0","9","0%","0%","0","0","0","0","0","0","0","0","0","0","0","0","0","0"
"White, Brendan","Mich","WR,FLX","Sr","527","FA","@ND Sat 7:30PM","0","0","9","0%","0%","0","0","0","0","0","0","0","0","0","0","0","0","0","0"
"White, Brendon","OHSt","WR,FLX,DB","So","528","FA","OreSt Sat 12:00PM","0","0","9","0%","0%","1","0","0","0","0","0","0","0","0","0","0","0","0","0"
"White, De'Shawn","OHSt","WR,FLX","So","529","FA","OreSt Sat 12:00PM","0","0","9","0%","0%","0","0","0","0","0","0","0","0","0","0","0","0","0","0"
"Whittaker, Jason","NW","QB,FLX","Fr","530","FA","@Purd Thu 8:00PM","0","0","4","0%","0%","0","0","0","0","0","0","0","0","0","0","0","0","0","0"
"Williams, Bryce","Minn","RB,FLX","Fr","531","FA","NMSt Thu 7:00PM","0","0","5","0%","0%","0","0","0","0","0","0","0","0","0","0","0","0","0","0"
"Williams, Justice","Ill","WR,FLX,LB","Jr","532","FA","Kent Sat 12:00PM","0","0","5","0%","0%","7","0","0","0","0","0","0","0","0","0","0","0","0","0"
"Williams, Mike","Neb","WR,FLX","Jr","533","FA","Akr Sat 8:00PM","0","0","9","0%","0%","0","0","0","0","0","0","0","0","0","0","0","0","0","0"
"Wilson, Tru","Mich","RB,FLX","Jr","534","FA","@ND Sat 7:30PM","0","0","9","0%","0%","0","0","0","0","0","0","0","0","0","0","0","0","0","0"
"Witham, Bryce","Minn","TE,FLX","Jr","535","FA","NMSt Thu 7:00PM","0","0","5","0%","0%","0","0","0","0","0","0","0","0","0","0","0","0","0","0"
"Witherspoon, Clayton","Minn","TE,FLX","Fr","536","FA","NMSt Thu 7:00PM","0","0","5","0%","0%","0","0","0","0","0","0","0","0","0","0","0","0","0","0"
"Wittwer, Max","Mich","QB,FLX","Fr","537","WW","@ND Sat 7:30PM","0","0","9","0%","0%","0","0","0","0","0","0","0","0","0","0","0","0","0","0"
"Wolf, Chase","Wisc","QB,FLX","Fr","538","WW","W Ky Fri 9:00PM","0","0","5","0%","0%","0","0","0","0","0","0","0","0","0","0","0","0","0","0"
"Woods, Paul","Rut","WR,FLX","Fr","539","WW","TxSt Sat 12:00PM","0","0","9","0%","0%","0","0","0","0","0","0","0","0","0","0","0","0","0","0"
"Woodyard, Jaron","Neb","WR,FLX","Jr","540","FA","Akr Sat 8:00PM","0","0","9","0%","0%","0","0","0","0","0","0","0","0","0","0","0","0","0","0"
"Wormley, Everett","Rut","WR,FLX","So","541","FA","TxSt Sat 12:00PM","0","0","9","0%","0%","3","0","0","0","0","19","0","0","0","0","0","0","0","0"
"Young, Devonte","Iowa","WR,FLX","Jr","542","FA","NIU Sat 3:30PM","0","0","5","0%","0%","2","0","0","0","0","0","0","0","0","0","0","0","0","0"
"Young, Jack","Mich","WR,FLX","So","543","FA","@ND Sat 7:30PM","0","0","9","0%","0%","0","0","0","0","0","0","0","0","0","0","0","0","0","0"
"Zembiec, Jake","PSU","QB,FLX","So","544","FA","App Sat 3:30PM","0","0","6","0%","0%","0","0","0","0","0","0","0","0","0","0","0","0","0","0"
"Smith, Brandon","Iowa","WR,FLX","So","545","FA","NIU Sat 3:30PM","-2","-0.67","5","0%","0%","3","0","0","0","0","15","0","0","0","0","0","1","0","0"
