"Player","Team","Position","Year","Rk","Status","Opponent","FPts","FP/G","%D","ADP","Bye","GP","Yds","TD","Int","2Pa","Yds","TD","2Rc","Yds","TD","2Ru","FL","RtY","RtT"
"Taylor, Jonathan","Wisc","RB,FLX","So","1","FA","W Ky Fri 9:00PM","378","31.5","100%","7.23","5","12","0","0","0","0","145","1","0","1840","15","0","0","0","0"
"McSorley, Trace","PSU","QB,FLX","Sr","2","FA","App Sat 3:30PM","518","43.17","100%","21.55","6","12","3175","24","8","0","0","0","0","422","7","0","0","0","0"
"Dobbins, J.K.","OHSt","RB,FLX","So","3","FA","OreSt Sat 12:00PM","300","25","100%","23.28","9","12","0","0","0","0","165","1","0","1441","14","0","0","0","0"
"Haskins, Dwayne","OHSt","QB,FLX","So","4","FA","OreSt Sat 12:00PM","574","47.83","100%","35.07","9","12","3629","31","7","0","0","0","0","280","6","0","0","0","0"
"Hornibrook, Alex","Wisc","QB,FLX","Jr","5","FA","W Ky Fri 9:00PM","336","28","100%","49.71","5","12","2520","23","12","0","0","0","0","0","0","0","0","0","0"
"Sanders, Miles","PSU","RB,FLX","Jr","6","FA","App Sat 3:30PM","228","19","100%","56.81","6","12","0","0","0","0","188","0","0","1166","14","0","0","0","0"
"Fant, Noah","Iowa","TE,FLX","Jr","7","FA","NIU Sat 3:30PM","102","8.5","100%","57.4","5","12","0","0","0","0","564","9","0","0","0","0","0","0","0"
"Morgan Jr., Stanley","Neb","WR,FLX","Sr","8","FA","Akr Sat 8:00PM","156","13","100%","61.13","9","12","0","0","0","0","911","10","0","0","0","0","0","0","0"
"Larkin, Jeremy","NW","RB,FLX","So","9","FA","@Purd Thu 8:00PM","246","20.5","100%","66.6","4","12","0","0","0","0","343","2","0","1128","13","0","0","0","0"
"Smith, Rodney","Minn","RB,FLX","Sr","10","FA","NMSt Thu 7:00PM","228","19","100%","70.77","5","12","0","0","0","0","170","1","0","1201","10","0","0","0","0"
"Westbrook, Nick","Ind","WR,FLX","Jr","11","FA","@FLInt Sat 7:00PM","180","16.36","100%","82.28","10","11","0","0","0","0","1117","8","0","0","0","0","0","0","0"
"Higdon, Karan","Mich","RB,FLX","Sr","12","FA","@ND Sat 7:30PM","180","15","100%","91.65","9","12","0","0","0","0","106","1","0","1029","10","0","0","0","0"
"Hill, K.J.","OHSt","WR,FLX","Jr","13","FA","OreSt Sat 12:00PM","72","6","77%","93.43","9","12","0","0","0","0","571","4","0","18","0","0","0","0","0"
"Davis III, Felton","MSU","WR,FLX","Sr","14","FA","UtSt Fri 7:00PM","150","12.5","100%","99.7","3","12","0","0","0","0","851","9","0","0","0","0","0","0","0"
"Johnson, Juwan","PSU","WR,FLX","Jr","15","FA","App Sat 3:30PM","126","10.5","100%","103.77","6","12","0","0","0","0","807","8","0","0","0","0","0","0","0"
"Lewerke, Brian","MSU","QB,FLX","Jr","16","FA","UtSt Fri 7:00PM","496","41.33","100%","105.69","3","12","2949","23","7","0","0","0","0","513","7","0","0","0","0"
"Weber, Mike","OHSt","RB,FLX","Jr","17","FA","OreSt Sat 12:00PM","168","14","100%","108.41","9","12","0","0","0","0","99","0","0","929","12","0","0","0","0"
"Scott, LJ","MSU","RB,FLX","Sr","18","FA","UtSt Fri 7:00PM","0","0","100%","111.62","3","0","0","0","0","0","0","0","0","0","0","0","0","0","0"
"Campbell, Parris","OHSt","WR,FLX","Sr","19","FA","OreSt Sat 12:00PM","78","6.5","100%","119.56","9","12","0","0","0","0","545","4","0","109","1","0","0","0","0"
"Stanley, Nate","Iowa","QB,FLX","Jr","20","FA","NIU Sat 3:30PM","352","29.33","100%","122.28","5","12","2486","24","10","0","0","0","0","0","1","0","0","0","0"
"Patterson, Shea","Mich","QB,FLX","Jr","21","FA","@ND Sat 7:30PM","432","36","100%","128.46","9","12","3026","24","12","0","0","0","0","160","3","0","0","0","0"
"Johnson, Ty","MD","RB,FLX","Sr","22","FA","Tex Sat 12:00PM","150","12.5","100%","136.08","5","12","0","0","0","0","70","1","0","902","7","0","0","0","1"
"Young, Toren","Iowa","RB,FLX","So","23","FA","NIU Sat 3:30PM","168","14","100%","136.64","5","12","0","0","0","0","71","0","0","986","9","0","0","0","0"
"Epstein, Mike","Ill","RB,FLX","So","24","FA","Kent Sat 12:00PM","168","14","100%","139.79","5","12","0","0","0","0","138","1","0","902","9","0","0","0","0"
"Martinez, Adrian","Neb","QB,FLX","Fr","25","FA","Akr Sat 8:00PM","456","38","100%","143.75","9","12","2779","22","12","0","0","0","0","530","8","0","0","0","0"
"Peoples-Jones, Donovan","Mich","WR,FLX","So","26","FA","@ND Sat 7:30PM","96","8","86%","151.46","9","12","0","0","0","0","654","5","0","41","0","0","0","0","1"
"Dorsey, Lou","Ill","TE,FLX","So","27","FA","Kent Sat 12:00PM","60","5","100%","151.72","5","12","0","0","0","0","395","4","0","0","0","0","0","0","0"
"Bryant, Tre","Neb","RB,FLX","Jr","28","FA","Akr Sat 8:00PM","90","9","100%","158.38","9","10","0","0","0","0","159","1","0","461","6","0","0","0","0"
"Black, Tarik","Mich","WR,FLX","So","29","FA","@ND Sat 7:30PM","120","10","100%","158.6","9","12","0","0","0","0","770","7","0","0","0","0","0","0","0"
"Evans, Chris","Mich","RB,FLX","Jr","30","FA","@ND Sat 7:30PM","144","12","100%","169.99","9","12","0","0","0","0","197","2","0","807","7","0","0","0","0"
"Spielman, JD","Neb","WR,FLX","So","31","FA","Akr Sat 8:00PM","120","10","100%","179.14","9","12","0","0","0","0","774","5","0","89","1","0","0","0","1"
"Thorson, Clayton","NW","QB,FLX","Sr","32","FA","@Purd Thu 8:00PM","368","36.8","67%","184.23","4","10","2652","22","11","0","0","0","0","65","6","0","0","0","0"
"Berry, Rashod","OHSt","TE,FLX","Jr","33","FA","OreSt Sat 12:00PM","0","0","20%","185.11","9","0","0","0","0","0","0","0","0","0","0","0","0","0","0"
"Shorter, Justin","PSU","WR,FLX","Fr","34","FA","App Sat 3:30PM","60","5","90%","185.39","6","12","0","0","0","0","363","4","0","0","0","0","0","0","0"
"Hopkins, Brycen","Purd","TE,FLX","Jr","35","FA","NW Thu 8:00PM","42","3.5","100%","189.07","6","12","0","0","0","0","270","3","0","0","0","0","0","0","0"
"Dudek, Mike","Ill","WR,FLX","Sr","36","FA","Kent Sat 12:00PM","36","3","14%","193.95","5","12","0","0","0","0","294","2","0","0","0","0","0","0","0"
"Johnson, Tyler","Minn","WR,FLX","Jr","37","FA","NMSt Thu 7:00PM","126","10.5","100%","198.21","5","12","0","0","0","0","815","8","0","0","0","0","0","0","0"
"Bell, Greg","Neb","RB,FLX","Jr","38","FA","Akr Sat 8:00PM","108","9","100%","199.94","9","12","0","0","0","0","118","0","0","682","8","0","0","0","0"
"Lindsey, Tyjon","Neb","WR,FLX","So","39","FA","Akr Sat 8:00PM","54","4.5","70%","214.55","9","12","0","0","0","0","459","3","0","31","0","0","0","0","0"
"Pigrome, Tyrrell","MD","QB,FLX","So","40","FA","Tex Sat 12:00PM","274","30.44","68%","234","5","9","1783","14","7","0","0","0","0","427","6","0","0","0","0"
"Dawkins, Brandon","Ind","QB,FLX","Sr","41","FA","@FLInt Sat 7:00PM","258","32.25","13%","239.01","10","8","1952","12","9","0","0","0","0","405","6","0","0","0","0"
"Cephus, Quintez","Wisc","WR,FLX","Jr","42","FA","W Ky Fri 9:00PM","102","8.5","9%","259.28","5","12","0","0","0","0","638","7","0","0","0","0","0","0","0"
"Jacobs, Taivon","MD","WR,FLX","Sr","43","FA","Tex Sat 12:00PM","96","8","13%","268.6","5","12","0","0","0","0","708","6","0","0","0","0","0","0","0"
"Ellison, Morgan","Ind","RB,FLX","So","44","FA","@FLInt Sat 7:00PM","126","10.5","68%","270","10","12","0","0","0","0","59","0","0","778","8","0","0","0","0"
"Bowers, Nick","PSU","TE,FLX","Jr","45","FA","App Sat 3:30PM","0","0","9%","285.76","6","0","0","0","0","0","0","0","0","0","0","0","0","0","0"
"Davis III, Danny","Wisc","WR,FLX","So","46","FA","W Ky Fri 9:00PM","60","5","3%","305.1","5","12","0","0","0","0","415","4","0","31","0","0","0","0","0"
"Feldman, Noah","Iowa","TE,FLX","Fr","47","FA","NIU Sat 3:30PM","0","0","0%","308.1","5","0","0","0","0","0","0","0","0","0","0","0","0","0","0"
"Penniston, Kyle","Wisc","TE,FLX","Jr","48","FA","W Ky Fri 9:00PM","6","0.5","3%","331.9","5","12","0","0","0","0","97","1","0","0","0","0","0","0","0"
"Blackshear, Raheem","Rut","RB,FLX","So","49","FA","TxSt Sat 12:00PM","150","12.5","7%","344.2","9","12","0","0","0","0","254","3","0","640","7","0","0","0","1"
"Dixon, Johnnie","OHSt","WR,FLX","Sr","50","FA","OreSt Sat 12:00PM","54","6.75","3%","350.91","9","8","0","0","0","0","368","3","0","0","0","0","0","0","0"
"Kelly-Martin, Ivory","Iowa","RB,FLX","So","51","FA","NIU Sat 3:30PM","144","12","15%","355.21","5","12","0","0","0","0","180","2","0","801","7","0","0","0","0"
"Thompkins, DeAndre","PSU","WR,FLX","Sr","52","FA","App Sat 3:30PM","96","8","3%","365.5","6","12","0","0","0","0","705","6","0","0","0","0","0","0","0"
"Washington, Maurice","Neb","RB,FLX","Fr","53","FA","Akr Sat 8:00PM","0","0","10%","366.4","9","0","0","0","0","0","0","0","0","0","0","0","0","0","0"
"Gebbia, Tristan","Neb","QB,FLX","Fr","54","FA","Akr Sat 8:00PM","0","0","6%","367.4","9","0","0","0","0","0","0","0","0","0","0","0","0","0","0"
"Hockenson, T.J.","Iowa","TE,FLX","So","55","FA","NIU Sat 3:30PM","48","4","8%","384.98","5","12","0","0","0","0","296","4","0","0","0","0","0","0","0"
"Stewart Jr., Darrell","MSU","WR,FLX","Jr","56","FA","UtSt Fri 7:00PM","72","6","6%","386.1","3","12","0","0","0","0","589","3","0","91","1","0","0","0","0"
"Stoll, Jack","Neb","TE,FLX","So","57","FA","Akr Sat 8:00PM","18","1.5","6%","389.1","9","12","0","0","0","0","123","1","0","0","0","0","0","0","0"
"Ruckert, Jeremy","OHSt","TE,FLX","Fr","58","FA","OreSt Sat 12:00PM","0","0","3%","399.9","9","0","0","0","0","0","0","0","0","0","0","0","0","0","0"
"Smalling, Ricky","Ill","WR,FLX","So","59","FA","Kent Sat 12:00PM","72","6","1%","407.2","5","12","0","0","0","0","569","4","0","0","0","0","0","0","0"
"Vokolek, Travis","Rut","TE,FLX","So","60","FA","TxSt Sat 12:00PM","36","3","1%","427.8","9","12","0","0","0","0","270","2","0","0","0","0","0","0","0"
"James, Chris","Wisc","RB,FLX","Sr","61","FA","W Ky Fri 9:00PM","36","3.6","0%","443.2","5","10","0","0","0","0","49","0","0","273","2","0","0","0","0"
"Washington, Jerome","Rut","TE,FLX","Sr","62","FA","TxSt Sat 12:00PM","54","4.5","3%","455.9","9","12","0","0","0","0","386","3","0","0","0","0","0","0","0"
"Slade, Ricky","PSU","RB,FLX","Fr","63","FA","App Sat 3:30PM","18","1.5","2%","498.6","6","12","0","0","0","0","26","0","0","145","1","0","0","0","0"
"McFarland, Anthony","MD","RB,FLX","Fr","64","FA","Tex Sat 12:00PM","96","8","3%","500.1","5","12","0","0","0","0","112","1","0","600","5","0","0","0","0"
"Martell, Tate","OHSt","QB,FLX","Fr","65","FA","OreSt Sat 12:00PM","34","6.8","0%","515.5","9","5","224","2","1","0","0","0","0","123","2","0","0","0","0"
"Thomas, Cam","Ill","QB,FLX","So","66","FA","Kent Sat 12:00PM","292","24.33","0%","-","5","12","1928","14","13","0","0","0","0","658","7","0","0","0","0"
"Sindelar, Elijah","Purd","QB,FLX","Jr","67","FA","NW Thu 8:00PM","244","27.11","0%","-","6","9","2066","17","10","0","0","0","0","0","0","0","0","0","0"
"Sitkowski, Artur","Rut","QB,FLX","Fr","68","FA","TxSt Sat 12:00PM","242","20.17","0%","-","9","12","2081","15","11","0","0","0","0","20","2","0","0","0","0"
"Ramsey, Peyton","Ind","QB,FLX","So","69","FA","@FLInt Sat 7:00PM","210","23.33","0%","-","10","9","1908","10","3","0","0","0","0","216","2","0","0","0","0"
"Blough, David","Purd","QB,FLX","Sr","70","FA","NW Thu 8:00PM","150","15","0%","-","6","10","1407","11","6","0","0","0","0","106","2","0","0","0","0"
"Skowronek, Bennett","NW","WR,FLX","Jr","71","FA","@Purd Thu 8:00PM","114","9.5","12%","-","4","12","0","0","0","0","731","6","0","0","0","0","0","0","0"
"Hilliman, Jonathan","Rut","RB,FLX","Sr","72","FA","TxSt Sat 12:00PM","108","9","62%","-","9","12","0","0","0","0","92","1","0","712","7","0","0","0","0"
"Morgan, Tanner","Minn","QB,FLX","Fr","73","FA","NMSt Thu 7:00PM","100","11.11","0%","-","5","9","1133","9","7","0","0","0","0","0","0","0","0","0","0"
"Heyward, Connor","MSU","RB,FLX","So","74","FA","UtSt Fri 7:00PM","90","7.5","0%","-","3","12","0","0","0","0","74","0","0","636","5","0","0","0","0"
"Melton, Bo","Rut","WR,FLX","So","75","FA","TxSt Sat 12:00PM","90","7.5","5%","-","9","12","0","0","0","0","603","5","0","0","0","0","0","0","0"
"Easley, Nick","Iowa","WR,FLX","Sr","76","FA","NIU Sat 3:30PM","84","7","0%","-","5","12","0","0","0","0","592","6","0","0","0","0","0","0","0"
"Ibrahim, Mohamed","Minn","RB,FLX","Fr","77","FA","NMSt Thu 7:00PM","78","6.5","0%","-","5","12","0","0","0","0","52","0","0","501","5","0","0","0","0"
"Jones, Markell","Purd","RB,FLX","Sr","78","FA","NW Thu 8:00PM","78","6.5","7%","-","6","12","0","0","0","0","102","1","0","531","4","0","0","0","0"
"Zico, Isaac","Purd","WR,FLX","Sr","79","FA","NW Thu 8:00PM","78","6.5","7%","-","6","12","0","0","0","0","545","5","0","0","0","0","0","0","0"
"Stevens, Tommy","PSU","QB,FLX","Jr","80","FA","App Sat 3:30PM","76","6.33","0%","-","6","12","197","2","1","0","122","2","0","223","5","0","0","0","0"
"Anthrop, Jackson","Purd","WR,FLX","So","81","FA","NW Thu 8:00PM","72","6","10%","-","6","12","0","0","0","0","573","4","0","0","0","0","0","0","0"
"Harrison III, Lorenzo","MD","RB,FLX","Jr","82","FA","Tex Sat 12:00PM","72","6","0%","-","5","12","0","0","0","0","59","0","0","517","4","0","0","0","0"
"Hill, Kasim","MD","QB,FLX","Fr","83","FA","Tex Sat 12:00PM","72","12","0%","-","5","6","693","5","3","0","0","0","0","230","2","0","0","0","0"
"White, Cody","MSU","WR,FLX","So","84","FA","UtSt Fri 7:00PM","72","6","0%","-","3","12","0","0","0","0","513","4","0","18","0","0","0","0","0"
"Davenport, Jahrvis","MD","WR,FLX","Sr","85","FA","Tex Sat 12:00PM","66","5.5","0%","-","5","12","0","0","0","0","489","3","0","0","0","0","0","0","0"
"Mack, Austin","OHSt","WR,FLX","Jr","86","FA","OreSt Sat 12:00PM","66","5.5","10%","-","9","12","0","0","0","0","475","5","0","0","0","0","0","0","0"
"Nagel, Flynn","NW","WR,FLX","Sr","87","FA","@Purd Thu 8:00PM","66","5.5","0%","-","4","12","0","0","0","0","578","3","0","11","0","0","0","0","0"
"Taylor, A.J.","Wisc","WR,FLX","Jr","88","FA","W Ky Fri 9:00PM","66","5.5","0%","-","5","12","0","0","0","0","474","5","0","22","0","0","0","0","0"
"Timian, Luke","Ind","WR,FLX","Sr","89","FA","@FLInt Sat 7:00PM","66","5.5","59%","-","10","12","0","0","0","0","569","3","0","0","0","0","0","0","0"
"Gest, Cole","Ind","RB,FLX","So","90","FA","@FLInt Sat 7:00PM","60","5","0%","-","10","12","0","0","0","0","88","1","0","451","3","0","0","0","0"
"Lees, Riley","NW","WR,FLX","So","91","FA","@Purd Thu 8:00PM","60","5","0%","-","4","12","0","0","0","0","442","4","0","0","0","0","0","0","0"
"Smith-Marsette, Ihmir","Iowa","WR,FLX","So","92","FA","NIU Sat 3:30PM","60","5","0%","-","5","12","0","0","0","0","378","4","0","55","0","0","0","0","0"
"Wilson, Tru","Mich","RB,FLX","Jr","93","FA","@ND Sat 7:30PM","60","5","0%","-","9","12","0","0","0","0","22","0","0","418","4","0","0","0","0"
"Brown, Jesse","NW","RB,FLX","So","94","FA","@Purd Thu 8:00PM","54","4.5","0%","-","4","12","0","0","0","0","109","0","0","461","3","0","0","0","0"
"Fuller, Tario","Purd","RB,FLX","Jr","95","FA","NW Thu 8:00PM","54","5.4","0%","-","6","10","0","0","0","0","88","0","0","445","3","0","0","0","0"
"Hale, Donavan","Ind","WR,FLX","Jr","96","FA","@FLInt Sat 7:00PM","54","6","0%","-","10","9","0","0","0","0","390","3","0","0","0","0","0","0","0"
"Polk, Brandon","PSU","WR,FLX","Jr","97","FA","App Sat 3:30PM","54","4.5","0%","-","6","12","0","0","0","0","455","2","0","0","0","0","0","0","1"
"Turner, DJ","MD","WR,FLX","Jr","98","FA","Tex Sat 12:00PM","54","4.5","0%","-","5","12","0","0","0","0","445","3","0","0","0","0","0","0","0"
"Victor, Binjimen","OHSt","WR,FLX","Jr","99","FA","OreSt Sat 12:00PM","54","4.5","10%","-","9","12","0","0","0","0","478","3","0","0","0","0","0","0","0"
"Wright, Terry","Purd","WR,FLX","Sr","100","FA","NW Thu 8:00PM","54","4.5","0%","-","6","12","0","0","0","0","369","3","0","0","0","0","0","0","0"
"Bonner, Ra'Von","Ill","RB,FLX","So","101","FA","Kent Sat 12:00PM","48","4","0%","-","5","12","0","0","0","0","25","0","0","340","4","0","0","0","0"
"Chambers, Cam","MSU","WR,FLX","So","102","FA","UtSt Fri 7:00PM","48","4","0%","-","3","12","0","0","0","0","365","2","0","0","0","0","0","0","0"
"Wilbon, Mikale","Neb","RB,FLX","Sr","103","FA","Akr Sat 8:00PM","48","4","0%","-","9","12","0","0","0","0","104","1","0","302","3","0","0","0","0"
"Annexstad, Zack","Minn","QB,FLX","Fr","104","FA","NMSt Thu 7:00PM","46","7.67","0%","-","5","6","610","5","4","0","0","0","0","0","0","0","0","0","0"
"Edmonds, Nolan","Minn","RB,FLX","Fr","105","FA","NMSt Thu 7:00PM","42","4.67","0%","-","5","9","0","0","0","0","71","0","0","296","3","0","0","0","0"
"Ferguson, Jake","Wisc","TE,FLX","Fr","106","FA","W Ky Fri 9:00PM","42","3.5","5%","-","5","12","0","0","0","0","247","3","0","0","0","0","0","0","0"
"Green, Cameron","NW","TE,FLX","Jr","107","FA","@Purd Thu 8:00PM","42","3.5","1%","-","4","12","0","0","0","0","271","3","0","0","0","0","0","0","0"
"Herdman, Cole","Purd","TE,FLX","Sr","108","FA","NW Thu 8:00PM","42","3.5","1%","-","6","12","0","0","0","0","291","3","0","0","0","0","0","0","0"
"Jones, Shameen","Rut","WR,FLX","Fr","109","FA","TxSt Sat 12:00PM","42","3.5","0%","-","9","12","0","0","0","0","330","3","0","0","0","0","0","0","0"
"Ozigbo, Devine","Neb","RB,FLX","Sr","110","FA","Akr Sat 8:00PM","42","3.5","5%","-","9","12","0","0","0","0","70","0","0","234","5","0","0","0","0"
"Pacheco, Isaih","Rut","RB,FLX","Fr","111","FA","TxSt Sat 12:00PM","42","3.5","0%","-","9","12","0","0","0","0","45","0","0","344","3","0","0","0","0"
"Shaw, Bradrick","Wisc","RB,FLX","Jr","112","FA","W Ky Fri 9:00PM","42","4.67","0%","-","5","9","0","0","0","0","11","0","0","351","3","0","0","0","0"
"James, Jace","NW","WR,FLX","So","113","FA","@Purd Thu 8:00PM","36","3","0%","-","4","12","0","0","0","0","251","2","0","0","0","0","0","0","0"
"Watson, Nakia","Wisc","RB,FLX","Fr","114","WW","W Ky Fri 9:00PM","36","4.5","0%","-","5","8","0","0","0","0","19","0","0","261","2","0","0","0","0"
"Worship, Richie","Purd","RB,FLX","Jr","115","FA","NW Thu 8:00PM","36","3.6","0%","-","6","10","0","0","0","0","55","0","0","307","2","0","0","0","0"
"Douglas, Demetrius","Minn","WR,FLX","So","116","FA","NMSt Thu 7:00PM","30","2.5","0%","-","5","12","0","0","0","0","241","1","0","12","0","0","0","0","0"
"Howard, Phillip","Minn","WR,FLX","So","117","FA","NMSt Thu 7:00PM","30","3.33","0%","-","5","9","0","0","0","0","327","1","0","25","0","0","0","0","0"
"Pryor, Kendric","Wisc","WR,FLX","So","118","FA","W Ky Fri 9:00PM","30","2.5","0%","-","5","12","0","0","0","0","193","2","0","89","1","0","0","0","0"
"Teague, Master","OHSt","RB,FLX","Fr","119","FA","OreSt Sat 12:00PM","30","7.5","0%","-","9","4","0","0","0","0","36","1","0","188","2","0","0","0","0"
"Holmes, C.J.","PSU","RB,FLX","So","120","WW","App Sat 3:30PM","26","8.67","0%","-","6","3","251","3","2","0","0","0","0","0","0","0","0","0","0"
"Allen, Mark","PSU","RB,FLX","Sr","121","FA","App Sat 3:30PM","24","2","100%","-","6","12","0","0","0","0","81","0","0","161","2","0","0","0","0"
"Fessler, Charlie","NW","WR,FLX","Jr","122","FA","@Purd Thu 8:00PM","24","2","0%","-","4","12","0","0","0","0","221","2","0","0","0","0","0","0","0"
"Groshek, Garrett","Wisc","RB,FLX","So","123","FA","W Ky Fri 9:00PM","24","2","0%","-","5","12","0","0","0","0","28","0","0","226","2","0","0","0","0"
"Smith, Brandon","Iowa","WR,FLX","So","124","FA","NIU Sat 3:30PM","24","2","0%","-","5","12","0","0","0","0","160","2","0","0","0","0","0","0","0"
"Sokol, Matt","MSU","TE,FLX","Sr","125","FA","UtSt Fri 7:00PM","24","2","0%","-","3","12","0","0","0","0","238","2","0","0","0","0","0","0","0"
"Williams, Bryce","Minn","RB,FLX","Fr","126","FA","NMSt Thu 7:00PM","24","3.43","0%","-","5","7","0","0","0","0","0","0","0","165","2","0","0","0","0"
"Lewis, Johnathan","Rut","QB,FLX","So","127","FA","TxSt Sat 12:00PM","22","5.5","0%","-","9","4","82","0","1","0","0","0","0","128","2","0","0","0","0"
"Brown, Dre","Ill","RB,FLX","Jr","128","FA","Kent Sat 12:00PM","18","1.5","0%","-","5","12","0","0","0","0","18","0","0","174","1","0","0","0","0"
"Corbin, Reggie","Ill","RB,FLX","Jr","129","FA","Kent Sat 12:00PM","18","1.5","0%","-","5","12","0","0","0","0","149","0","0","97","1","0","0","0","0"
"Hayek, Tyler","Rut","WR,FLX","Fr","130","FA","TxSt Sat 12:00PM","18","1.5","0%","-","9","12","0","0","0","0","204","1","0","0","0","0","0","0","0"
"McQuitty, Jaevon","Neb","WR,FLX","Fr","131","FA","Akr Sat 8:00PM","18","1.5","5%","-","9","12","0","0","0","0","226","1","0","0","0","0","0","0","0"
"Moten IV, John","NW","RB,FLX","Jr","132","FA","@Purd Thu 8:00PM","18","1.5","0%","-","4","12","0","0","0","0","21","0","0","222","1","0","0","0","0"
"Wormley, Everett","Rut","WR,FLX","So","133","FA","TxSt Sat 12:00PM","18","1.5","0%","-","9","12","0","0","0","0","182","1","0","0","0","0","0","0","0"
"Autman-Bell, Chris","Minn","WR,FLX","Fr","134","FA","NMSt Thu 7:00PM","12","1","0%","-","5","12","0","0","0","0","158","0","0","0","0","0","0","0","0"
"Penix Jr., Michael","Ind","QB,FLX","Fr","135","FA","@FLInt Sat 7:00PM","12","3","0%","-","10","4","116","2","0","0","0","0","0","23","0","0","0","0","0"
"Bateman, Rashod","Minn","WR,FLX","Fr","136","FA","NMSt Thu 7:00PM","6","0.75","0%","-","5","8","0","0","0","0","116","1","0","0","0","0","0","0","0"
"Bridges, Weston","MSU","RB,FLX","Fr","137","FA","UtSt Fri 7:00PM","6","1.5","0%","-","3","4","0","0","0","0","8","0","0","89","1","0","0","0","0"
"Lombardi, Rocky","MSU","QB,FLX","Fr","138","FA","UtSt Fri 7:00PM","4","0.33","0%","-","3","12","61","1","1","0","0","0","0","0","0","0","0","0","0"
"Rescigno, Giovanni","Rut","QB,FLX","Sr","139","FA","TxSt Sat 12:00PM","4","0.8","0%","-","9","5","148","1","1","0","0","0","0","0","0","0","0","0","0"
"Abbott, A.J.","Wisc","WR,FLX","Fr","140","WW","W Ky Fri 9:00PM","0","0","0%","-","5","0","0","0","0","0","0","0","0","0","0","0","0","0","0"
"Albericci, Austin","Rut","QB,FLX","Fr","141","WW","TxSt Sat 12:00PM","0","0","0%","-","9","0","0","0","0","0","0","0","0","0","0","0","0","0","0"
"Alexander, Javez","MSU","WR,FLX","Fr","142","FA","UtSt Fri 7:00PM","0","0","0%","-","3","0","0","0","0","0","0","0","0","0","0","0","0","0","0"
"Alioth Jr., Chad","Neb","WR,FLX","Fr","143","FA","Akr Sat 8:00PM","0","0","0%","-","9","0","0","0","0","0","0","0","0","0","0","0","0","0","0"
"Allen, Austin","Neb","TE,FLX","Fr","144","FA","Akr Sat 8:00PM","0","0","5%","-","9","0","0","0","0","0","0","0","0","0","0","0","0","0","0"
"Anderson Jr., Amad","Purd","WR,FLX","Fr","145","FA","NW Thu 8:00PM","0","0","0%","-","6","0","0","0","0","0","0","0","0","0","0","0","0","0","0"
"Anderson, Drake","NW","RB,FLX","Fr","146","FA","@Purd Thu 8:00PM","0","0","0%","-","4","0","0","0","0","0","0","0","0","0","0","0","0","0","0"
"Anderson, Evan","Purd","RB,FLX","Fr","147","WW","NW Thu 8:00PM","0","0","0%","-","6","0","0","0","0","0","0","0","0","0","0","0","0","0","0"
"Andrews, Austin","MSU","RB,FLX,DB","So","148","FA","UtSt Fri 7:00PM","0","0","0%","-","3","0","0","0","0","0","0","0","0","0","0","0","0","0","0"
"Annexstad, Brock","Minn","WR,FLX","Fr","149","FA","NMSt Thu 7:00PM","0","0","0%","-","5","0","0","0","0","0","0","0","0","0","0","0","0","0","0"
"Anthony, Max","Rut","RB,FLX","Jr","150","FA","TxSt Sat 12:00PM","0","0","0%","-","9","0","0","0","0","0","0","0","0","0","0","0","0","0","0"
"Arcangelo, Joe","PSU","TE,FLX","Jr","151","FA","App Sat 3:30PM","0","0","0%","-","6","0","0","0","0","0","0","0","0","0","0","0","0","0","0"
"Armour, Alfred","Purd","RB,FLX","Fr","152","WW","NW Thu 8:00PM","0","0","0%","-","6","0","0","0","0","0","0","0","0","0","0","0","0","0","0"
"Babb, Kamryn","OHSt","WR,FLX","Fr","153","FA","OreSt Sat 12:00PM","0","0","0%","-","9","0","0","0","0","0","0","0","0","0","0","0","0","0","0"
"Baldwin, Matthew","OHSt","QB,FLX","Fr","154","FA","OreSt Sat 12:00PM","0","0","0%","-","9","0","0","0","0","0","0","0","0","0","0","0","0","0","0"
"Banker, Christian","Neb","WR,FLX","Fr","155","FA","Akr Sat 8:00PM","0","0","0%","-","9","0","0","0","0","0","0","0","0","0","0","0","0","0","0"
"Banks, Aaron","Purd","QB,FLX","Sr","156","FA","NW Thu 8:00PM","0","0","0%","-","6","0","0","0","0","0","0","0","0","0","0","0","0","0","0"
"Barker, Daniel","Ill","TE,FLX","Fr","157","FA","Kent Sat 12:00PM","0","0","0%","-","5","0","0","0","0","0","0","0","0","0","0","0","0","0","0"
"Barnes, Noah","MD","TE,FLX","So","158","FA","Tex Sat 12:00PM","0","0","0%","-","5","0","0","0","0","0","0","0","0","0","0","0","0","0","0"
"Barrett, Michael","Mich","RB,FLX","Fr","159","WW","@ND Sat 7:30PM","0","0","0%","-","9","0","0","0","0","0","0","0","0","0","0","0","0","0","0"
"Barton, Khylin","MSU","WR,FLX","So","160","FA","UtSt Fri 7:00PM","0","0","0%","-","3","0","0","0","0","0","0","0","0","0","0","0","0","0","0"
"Baty, Ramsey","Mich","TE,FLX","Fr","161","WW","@ND Sat 7:30PM","0","0","0%","-","9","0","0","0","0","0","0","0","0","0","0","0","0","0","0"
"Beebe, Colton","Minn","TE,FLX","Jr","162","FA","NMSt Thu 7:00PM","0","0","0%","-","5","0","0","0","0","0","0","0","0","0","0","0","0","0","0"
"Bell, Ronnie","Mich","WR,FLX","Fr","163","WW","@ND Sat 7:30PM","0","0","0%","-","9","0","0","0","0","0","0","0","0","0","0","0","0","0","0"
"Belt, Brody","Neb","RB,FLX","Fr","164","FA","Akr Sat 8:00PM","0","0","0%","-","9","0","0","0","0","0","0","0","0","0","0","0","0","0","0"
"Benzschawel, Luke","Wisc","TE,FLX","So","165","FA","W Ky Fri 9:00PM","0","0","0%","-","5","0","0","0","0","0","0","0","0","0","0","0","0","0","0"
"Berry, Justin","Ind","WR,FLX","So","166","FA","@FLInt Sat 7:00PM","0","0","0%","-","10","0","0","0","0","0","0","0","0","0","0","0","0","0","0"
"Beyer, Shaun","Iowa","TE,FLX","So","167","FA","NIU Sat 3:30PM","0","0","0%","-","5","0","0","0","0","0","0","0","0","0","0","0","0","0","0"
"Bican, Gage","OHSt","WR,FLX","Jr","168","FA","OreSt Sat 12:00PM","0","0","0%","-","9","0","0","0","0","0","0","0","0","0","0","0","0","0","0"
"Bican, Luciano","OHSt","WR,FLX","Jr","169","FA","OreSt Sat 12:00PM","0","0","0%","-","9","0","0","0","0","0","0","0","0","0","0","0","0","0","0"
"Bjorson, Matt","Ind","TE,FLX","Fr","170","WW","@FLInt Sat 7:00PM","0","0","0%","-","10","0","0","0","0","0","0","0","0","0","0","0","0","0","0"
"Bonner, Jordan","Purd","WR,FLX","Fr","171","WW","NW Thu 8:00PM","0","0","0%","-","6","0","0","0","0","0","0","0","0","0","0","0","0","0","0"
"Bonner, Shaun","Ind","TE,FLX","So","172","FA","@FLInt Sat 7:00PM","0","0","0%","-","10","0","0","0","0","0","0","0","0","0","0","0","0","0","0"
"Bortenschlager, Max","MD","QB,FLX","Jr","173","FA","Tex Sat 12:00PM","0","0","0%","-","5","0","0","0","0","0","0","0","0","0","0","0","0","0","0"
"Bousky, Alex","NW","RB,WR,FLX","Sr","174","FA","@Purd Thu 8:00PM","0","0","0%","-","4","0","0","0","0","0","0","0","0","0","0","0","0","0","0"
"Bowser, Isaiah","NW","RB,FLX","Fr","175","FA","@Purd Thu 8:00PM","0","0","0%","-","4","0","0","0","0","0","0","0","0","0","0","0","0","0","0"
"Bradley, Jaylin","Neb","RB,FLX","So","176","FA","Akr Sat 8:00PM","0","0","0%","-","9","0","0","0","0","0","0","0","0","0","0","0","0","0","0"
"Brookins, Ricky","Ind","RB,FLX","Sr","177","FA","@FLInt Sat 7:00PM","0","0","0%","-","10","0","0","0","0","0","0","0","0","0","0","0","0","0","0"
"Brooks, Blair","Iowa","WR,FLX","Fr","178","FA","NIU Sat 3:30PM","0","0","0%","-","5","0","0","0","0","0","0","0","0","0","0","0","0","0","0"
"Brooks, Shannon","Minn","RB,FLX","Sr","179","FA","NMSt Thu 7:00PM","0","0","0%","-","5","0","0","0","0","0","0","0","0","0","0","0","0","0","0"
"Brown, Cameron","OHSt","WR,FLX","Fr","180","FA","OreSt Sat 12:00PM","0","0","0%","-","9","0","0","0","0","0","0","0","0","0","0","0","0","0","0"
"Brown, Jalen","NW","WR,FLX","Sr","181","FA","@Purd Thu 8:00PM","0","0","0%","-","4","0","0","0","0","0","0","0","0","0","0","0","0","0","0"
"Brown, Journey","PSU","RB,FLX","Fr","182","FA","App Sat 3:30PM","0","0","0%","-","6","0","0","0","0","0","0","0","0","0","0","0","0","0","0"
"Brown, Justin","MD","WR,FLX","Fr","183","WW","Tex Sat 12:00PM","0","0","0%","-","5","0","0","0","0","0","0","0","0","0","0","0","0","0","0"
"Brown, Matt","Mich","RB,FLX","So","184","FA","@ND Sat 7:30PM","0","0","0%","-","9","0","0","0","0","0","0","0","0","0","0","0","0","0","0"
"Brumbaugh, Legend","MD","QB,FLX","So","185","FA","Tex Sat 12:00PM","0","0","0%","-","5","0","0","0","0","0","0","0","0","0","0","0","0","0","0"
"Bryan, Kyshaun","Iowa","RB,FLX","Fr","186","FA","NIU Sat 3:30PM","0","0","0%","-","5","0","0","0","0","0","0","0","0","0","0","0","0","0","0"
"Buckman, Luke","Mich","TE,FLX","Fr","187","WW","@ND Sat 7:30PM","0","0","0%","-","9","0","0","0","0","0","0","0","0","0","0","0","0","0","0"
"Bunch, Andrew","Neb","QB,FLX","So","188","FA","Akr Sat 8:00PM","0","0","0%","-","9","0","0","0","0","0","0","0","0","0","0","0","0","0","0"
"Burgess, Jarrett","Purd","WR,FLX","Sr","189","FA","NW Thu 8:00PM","0","0","0%","-","6","0","0","0","0","0","0","0","0","0","0","0","0","0","0"
"Bursch, Nathan","Minn","TE,FLX","Fr","190","FA","NMSt Thu 7:00PM","0","0","0%","-","5","0","0","0","0","0","0","0","0","0","0","0","0","0","0"
"Burton, Reid","MSU","RB,FLX","So","191","FA","UtSt Fri 7:00PM","0","0","0%","-","3","0","0","0","0","0","0","0","0","0","0","0","0","0","0"
"Bush, AJ","Ill","QB,FLX","Sr","192","WW","Kent Sat 12:00PM","0","0","0%","-","5","0","0","0","0","0","0","0","0","0","0","0","0","0","0"
"Bush, Peter","Mich","RB,FLX","Jr","193","FA","@ND Sat 7:30PM","0","0","0%","-","9","0","0","0","0","0","0","0","0","0","0","0","0","0","0"
"Capehart, Tahj","MD","WR,FLX","So","194","FA","Tex Sat 12:00PM","0","0","0%","-","5","0","0","0","0","0","0","0","0","0","0","0","0","0","0"
"Carollo, Danny","Purd","QB,FLX","So","195","FA","NW Thu 8:00PM","0","0","0%","-","6","0","0","0","0","0","0","0","0","0","0","0","0","0","0"
"Carriere, Carlos","MD","WR,FLX","Fr","196","FA","Tex Sat 12:00PM","0","0","0%","-","5","0","0","0","0","0","0","0","0","0","0","0","0","0","0"
"Carter, Edwin","Ill","WR,FLX","Fr","197","FA","Kent Sat 12:00PM","0","0","0%","-","5","0","0","0","0","0","0","0","0","0","0","0","0","0","0"
"Carter, Nate","Wisc","QB,FLX","Fr","198","WW","W Ky Fri 9:00PM","0","0","0%","-","5","0","0","0","0","0","0","0","0","0","0","0","0","0","0"
"Catlett, Keyron","Purd","WR,FLX","So","199","FA","NW Thu 8:00PM","0","0","0%","-","6","0","0","0","0","0","0","0","0","0","0","0","0","0","0"
"Chaffin, Ty","Neb","WR,FLX","So","200","FA","Akr Sat 8:00PM","0","0","0%","-","9","0","0","0","0","0","0","0","0","0","0","0","0","0","0"
"Char, Jared","Mich","RB,FLX","Jr","201","FA","@ND Sat 7:30PM","0","0","0%","-","9","0","0","0","0","0","0","0","0","0","0","0","0","0","0"
"Chatman, Jalen","Rut","QB,FLX","Fr","202","FA","TxSt Sat 12:00PM","0","0","0%","-","9","0","0","0","0","0","0","0","0","0","0","0","0","0","0"
"Chenal, John","Wisc","RB,FLX","Fr","203","WW","W Ky Fri 9:00PM","0","0","0%","-","5","0","0","0","0","0","0","0","0","0","0","0","0","0","0"
"Chiaokhiao-Bowman, Ramaud","NW","WR,FLX","So","204","FA","@Purd Thu 8:00PM","0","0","0%","-","4","0","0","0","0","0","0","0","0","0","0","0","0","0","0"
"Chisena, Dan","PSU","WR,FLX","Jr","205","FA","App Sat 3:30PM","0","0","0%","-","6","0","0","0","0","0","0","0","0","0","0","0","0","0","0"
"Clarkin, Brian","MD","QB,FLX","Fr","206","WW","Tex Sat 12:00PM","0","0","0%","-","5","0","0","0","0","0","0","0","0","0","0","0","0","0","0"
"Clifford, Sean","PSU","QB,FLX","Fr","207","FA","App Sat 3:30PM","0","0","0%","-","6","0","0","0","0","0","0","0","0","0","0","0","0","0","0"
"Coan, Jack","Wisc","QB,FLX","So","208","FA","W Ky Fri 9:00PM","0","0","0%","-","5","0","0","0","0","0","0","0","0","0","0","0","0","0","0"
"Cobbs, Brian","MD","WR,FLX","Fr","209","WW","Tex Sat 12:00PM","0","0","0%","-","5","0","0","0","0","0","0","0","0","0","0","0","0","0","0"
"Collins, Nico","Mich","WR,FLX","So","210","FA","@ND Sat 7:30PM","0","0","0%","-","9","0","0","0","0","0","0","0","0","0","0","0","0","0","0"
"Collinsworth, Jake","Wisc","RB,FLX,LB","Fr","211","FA","W Ky Fri 9:00PM","0","0","0%","-","5","0","0","0","0","0","0","0","0","0","0","0","0","0","0"
"Comma, Jayden","MD","WR,FLX","Fr","212","FA","Tex Sat 12:00PM","0","0","0%","-","5","0","0","0","0","0","0","0","0","0","0","0","0","0","0"
"Cook, Drew","Iowa","TE,FLX","Jr","213","FA","NIU Sat 3:30PM","0","0","0%","-","5","0","0","0","0","0","0","0","0","0","0","0","0","0","0"
"Cooper, Max","Iowa","WR,FLX","So","214","FA","NIU Sat 3:30PM","0","0","0%","-","5","0","0","0","0","0","0","0","0","0","0","0","0","0","0"
"Cornwell, Michael","MD","WR,TE,FLX","Sr","215","FA","Tex Sat 12:00PM","0","0","0%","-","5","0","0","0","0","0","0","0","0","0","0","0","0","0","0"
"Cromer, Alec","Neb","QB,FLX","So","216","FA","Akr Sat 8:00PM","0","0","0%","-","9","0","0","0","0","0","0","0","0","0","0","0","0","0","0"
"Cruickshank, Aron","Wisc","WR,FLX","Fr","217","FA","W Ky Fri 9:00PM","0","0","0%","-","5","0","0","0","0","0","0","0","0","0","0","0","0","0","0"
"Curtis, Kory","OHSt","QB,FLX","So","218","FA","OreSt Sat 12:00PM","0","0","0%","-","9","0","0","0","0","0","0","0","0","0","0","0","0","0","0"
"Dafney, Dominique","Iowa","WR,FLX","Jr","219","FA","NIU Sat 3:30PM","0","0","0%","-","5","0","0","0","0","0","0","0","0","0","0","0","0","0","0"
"Dalton, Danny","PSU","TE,FLX","So","220","FA","App Sat 3:30PM","0","0","0%","-","6","0","0","0","0","0","0","0","0","0","0","0","0","0","0"
"Davin, Brock","OHSt","TE,FLX","Jr","221","FA","OreSt Sat 12:00PM","0","0","0%","-","9","0","0","0","0","0","0","0","0","0","0","0","0","0","0"
"Davis, Drake","Ill","QB,FLX","Fr","222","FA","Kent Sat 12:00PM","0","0","0%","-","5","0","0","0","0","0","0","0","0","0","0","0","0","0","0"
"Davis, Noah","MSU","TE,FLX","So","223","FA","UtSt Fri 7:00PM","0","0","0%","-","3","0","0","0","0","0","0","0","0","0","0","0","0","0","0"
"Davis, Trenard","Ill","WR,FLX","Jr","224","FA","Kent Sat 12:00PM","0","0","0%","-","5","0","0","0","0","0","0","0","0","0","0","0","0","0","0"
"Day, Theo","MSU","QB,FLX","Fr","225","FA","UtSt Fri 7:00PM","0","0","0%","-","3","0","0","0","0","0","0","0","0","0","0","0","0","0","0"
"Deal, Taiwan","Wisc","RB,FLX","Sr","226","FA","W Ky Fri 9:00PM","0","0","0%","-","5","0","0","0","0","0","0","0","0","0","0","0","0","0","0"
"Deland, Ethan","Mich","WR,FLX","Fr","227","WW","@ND Sat 7:30PM","0","0","0%","-","9","0","0","0","0","0","0","0","0","0","0","0","0","0","0"
"Demus, Dontay","MD","WR,FLX","Fr","228","WW","Tex Sat 12:00PM","0","0","0%","-","5","0","0","0","0","0","0","0","0","0","0","0","0","0","0"
"DeSue, Tyler","MD","QB,FLX","Fr","229","FA","Tex Sat 12:00PM","0","0","0%","-","5","0","0","0","0","0","0","0","0","0","0","0","0","0","0"
"Dorris, Austin","Ind","TE,FLX","Jr","230","FA","@FLInt Sat 7:00PM","0","0","0%","-","10","0","0","0","0","0","0","0","0","0","0","0","0","0","0"
"Dotson, Jahan","PSU","WR,FLX","Fr","231","FA","App Sat 3:30PM","0","0","0%","-","6","0","0","0","0","0","0","0","0","0","0","0","0","0","0"
"Dotson, Malcolm","Purd","WR,FLX","Jr","232","FA","NW Thu 8:00PM","0","0","0%","-","6","0","0","0","0","0","0","0","0","0","0","0","0","0","0"
"Dotson, Matt","MSU","TE,FLX","So","233","FA","UtSt Fri 7:00PM","0","0","0%","-","3","0","0","0","0","0","0","0","0","0","0","0","0","0","0"
"Downer, Ryan","Rut","WR,FLX","Fr","234","WW","TxSt Sat 12:00PM","0","0","0%","-","9","0","0","0","0","0","0","0","0","0","0","0","0","0","0"
"Duarte, Tate","OHSt","TE,FLX","Sr","235","FA","OreSt Sat 12:00PM","0","0","0%","-","9","0","0","0","0","0","0","0","0","0","0","0","0","0","0"
"Dunn, Jack","Wisc","WR,FLX","So","236","FA","W Ky Fri 9:00PM","0","0","0%","-","5","0","0","0","0","0","0","0","0","0","0","0","0","0","0"
"Durham, Payne","Purd","TE,FLX","Fr","237","WW","NW Thu 8:00PM","0","0","0%","-","6","0","0","0","0","0","0","0","0","0","0","0","0","0","0"
"Edwards, Avery","MD","TE,FLX","Sr","238","FA","Tex Sat 12:00PM","0","0","0%","-","5","0","0","0","0","0","0","0","0","0","0","0","0","0","0"
"Edwards, Berkley","Mich","RB,FLX","Sr","239","WW","@ND Sat 7:30PM","0","0","0%","-","9","0","0","0","0","0","0","0","0","0","0","0","0","0","0"
"Ellis, Bradley","Ind","WR,FLX","Fr","240","WW","@FLInt Sat 7:00PM","0","0","0%","-","10","0","0","0","0","0","0","0","0","0","0","0","0","0","0"
"Ellison, Noah","Purd","WR,FLX","Fr","241","FA","NW Thu 8:00PM","0","0","0%","-","6","0","0","0","0","0","0","0","0","0","0","0","0","0","0"
"Enoli, Madu","OHSt","RB,FLX","So","242","FA","OreSt Sat 12:00PM","0","0","0%","-","9","0","0","0","0","0","0","0","0","0","0","0","0","0","0"
"Eschenbach, Jack","Wisc","TE,FLX","Fr","243","WW","W Ky Fri 9:00PM","0","0","0%","-","5","0","0","0","0","0","0","0","0","0","0","0","0","0","0"
"Eshoo, Eric","NW","TE,FLX","So","244","FA","@Purd Thu 8:00PM","0","0","0%","-","4","0","0","0","0","0","0","0","0","0","0","0","0","0","0"
"Eubanks, Nick","Mich","TE,FLX","Jr","245","FA","@ND Sat 7:30PM","0","0","0%","-","9","0","0","0","0","0","0","0","0","0","0","0","0","0","0"
"Eury, Nick","PSU","RB,FLX","So","246","FA","App Sat 3:30PM","0","0","0%","-","6","0","0","0","0","0","0","0","0","0","0","0","0","0","0"
"Evans, Samson","Iowa","WR,FLX","Fr","247","FA","NIU Sat 3:30PM","0","0","0%","-","5","0","0","0","0","0","0","0","0","0","0","0","0","0","0"
"Farrell, Luke","OHSt","TE,FLX","So","248","FA","OreSt Sat 12:00PM","0","0","0%","-","9","0","0","0","0","0","0","0","0","0","0","0","0","0","0"
"Felton, David","Ind","WR,FLX","Fr","249","FA","@FLInt Sat 7:00PM","0","0","0%","-","10","0","0","0","0","0","0","0","0","0","0","0","0","0","0"
"Femi-Cole, Jonathan","Minn","RB,FLX","Jr","250","FA","NMSt Thu 7:00PM","0","0","0%","-","5","0","0","0","0","0","0","0","0","0","0","0","0","0","0"
"Ferris, Kenneth","Mich","TE,FLX","Sr","251","FA","@ND Sat 7:30PM","0","0","0%","-","9","0","0","0","0","0","0","0","0","0","0","0","0","0","0"
"Files, Joseph","Mich","TE,FLX","Sr","252","FA","@ND Sat 7:30PM","0","0","0%","-","9","0","0","0","0","0","0","0","0","0","0","0","0","0","0"
"Fleet-Davis, Tayon","MD","RB,FLX","So","253","FA","Tex Sat 12:00PM","0","0","0%","-","5","0","0","0","0","0","0","0","0","0","0","0","0","0","0"
"Flowers, Emmanuel","MSU","WR,FLX,DB","Fr","254","FA","UtSt Fri 7:00PM","0","0","0%","-","3","0","0","0","0","0","0","0","0","0","0","0","0","0","0"
"Folkers, Bennett","Neb","WR,FLX","Fr","255","FA","Akr Sat 8:00PM","0","0","0%","-","9","0","0","0","0","0","0","0","0","0","0","0","0","0","0"
"Franklin, Benaiah","Purd","WR,FLX","So","256","FA","NW Thu 8:00PM","0","0","0%","-","6","0","0","0","0","0","0","0","0","0","0","0","0","0","0"
"Freiermuth, Pat","PSU","TE,FLX","Fr","257","FA","App Sat 3:30PM","0","0","0%","-","6","0","0","0","0","0","0","0","0","0","0","0","0","0","0"
"Fryfogle, Ty","Ind","WR,FLX","So","258","FA","@FLInt Sat 7:00PM","0","0","0%","-","10","0","0","0","0","0","0","0","0","0","0","0","0","0","0"
"Funk, Jake","MD","RB,FLX","Jr","259","FA","Tex Sat 12:00PM","0","0","0%","-","5","0","0","0","0","0","0","0","0","0","0","0","0","0","0"
"Gajcak, Chris","Ind","WR,FLX","Jr","260","FA","@FLInt Sat 7:00PM","0","0","0%","-","10","0","0","0","0","0","0","0","0","0","0","0","0","0","0"
"Gardiner, Ellijah","OHSt","WR,FLX","Fr","261","FA","OreSt Sat 12:00PM","0","0","0%","-","9","0","0","0","0","0","0","0","0","0","0","0","0","0","0"
"Garrett, Julian","Mich","RB,FLX","Fr","262","WW","@ND Sat 7:30PM","0","0","0%","-","9","0","0","0","0","0","0","0","0","0","0","0","0","0","0"
"Geary, Clay","Minn","WR,FLX","So","263","FA","NMSt Thu 7:00PM","0","0","0%","-","5","0","0","0","0","0","0","0","0","0","0","0","0","0","0"
"Geil, Henry","Iowa","RB,FLX","Fr","264","FA","NIU Sat 3:30PM","0","0","0%","-","5","0","0","0","0","0","0","0","0","0","0","0","0","0","0"
"Gentry, Zach","Mich","TE,FLX","Sr","265","FA","@ND Sat 7:30PM","0","0","76%","-","9","0","0","0","0","0","0","0","0","0","0","0","0","0","0"
"George, Daniel","PSU","WR,FLX","Fr","266","FA","App Sat 3:30PM","0","0","0%","-","6","0","0","0","0","0","0","0","0","0","0","0","0","0","0"
"George, Jeff","Mich","QB,FLX","Sr","267","WW","@ND Sat 7:30PM","0","0","0%","-","9","0","0","0","0","0","0","0","0","0","0","0","0","0","0"
"Gianacakos, Chase","MSU","TE,FLX","Sr","268","FA","UtSt Fri 7:00PM","0","0","0%","-","3","0","0","0","0","0","0","0","0","0","0","0","0","0","0"
"Gibson, Erik","Minn","WR,FLX","Fr","269","FA","NMSt Thu 7:00PM","0","0","0%","-","5","0","0","0","0","0","0","0","0","0","0","0","0","0","0"
"Gill, Jaelen","OHSt","RB,FLX","Fr","270","FA","OreSt Sat 12:00PM","0","0","11%","-","9","0","0","0","0","0","0","0","0","0","0","0","0","0","0"
"Gossage, Paul","Minn","WR,FLX","Jr","271","FA","NMSt Thu 7:00PM","0","0","0%","-","5","0","0","0","0","0","0","0","0","0","0","0","0","0","0"
"Grady, Kyle","Mich","QB,FLX","Fr","272","WW","@ND Sat 7:30PM","0","0","0%","-","9","0","0","0","0","0","0","0","0","0","0","0","0","0","0"
"Green, Cade","Wisc","WR,FLX","Fr","273","FA","W Ky Fri 9:00PM","0","0","0%","-","5","0","0","0","0","0","0","0","0","0","0","0","0","0","0"
"Green, Carmoni","Ill","WR,FLX","So","274","FA","Kent Sat 12:00PM","0","0","0%","-","5","0","0","0","0","0","0","0","0","0","0","0","0","0","0"
"Green, Seth","Minn","QB,TE,FLX","So","275","FA","NMSt Thu 7:00PM","0","0","0%","-","5","0","0","0","0","0","0","0","0","0","0","0","0","0","0"
"Green, TJ","NW","QB,FLX","Jr","276","FA","@Purd Thu 8:00PM","0","0","0%","-","4","0","0","0","0","0","0","0","0","0","0","0","0","0","0"
"Gregoire, Mike","Wisc","WR,FLX","Fr","277","WW","W Ky Fri 9:00PM","0","0","0%","-","5","0","0","0","0","0","0","0","0","0","0","0","0","0","0"
"Griffin-Stewart, Nakia","Rut","TE,FLX","Jr","278","FA","TxSt Sat 12:00PM","0","0","0%","-","9","0","0","0","0","0","0","0","0","0","0","0","0","0","0"
"Groeneweg, Kyle","Iowa","WR,FLX","Sr","279","FA","NIU Sat 3:30PM","0","0","0%","-","5","0","0","0","0","0","0","0","0","0","0","0","0","0","0"
"Grosz, Tyler","Mich","WR,FLX","Sr","280","WW","@ND Sat 7:30PM","0","0","0%","-","9","0","0","0","0","0","0","0","0","0","0","0","0","0","0"
"Guerendo, Isaac","Wisc","RB,FLX","Fr","281","WW","W Ky Fri 9:00PM","0","0","0%","-","5","0","0","0","0","0","0","0","0","0","0","0","0","0","0"
"Hamilton, Tyler","Purd","WR,FLX","Fr","282","FA","NW Thu 8:00PM","0","0","0%","-","6","0","0","0","0","0","0","0","0","0","0","0","0","0","0"
"Hamler, KJ","PSU","WR,FLX","Fr","283","FA","App Sat 3:30PM","0","0","0%","-","6","0","0","0","0","0","0","0","0","0","0","0","0","0","0"
"Hanaoka, Chad","NW","RB,FLX","Sr","284","FA","@Purd Thu 8:00PM","0","0","0%","-","4","0","0","0","0","0","0","0","0","0","0","0","0","0","0"
"Hanks, Javis","Rut","WR,FLX","Fr","285","WW","TxSt Sat 12:00PM","0","0","0%","-","9","0","0","0","0","0","0","0","0","0","0","0","0","0","0"
"Harris II, J-Shun","Ind","WR,FLX","Sr","286","FA","@FLInt Sat 7:00PM","0","0","0%","-","10","0","0","0","0","0","0","0","0","0","0","0","0","0","0"
"Harris, Jaylen","OHSt","WR,FLX","So","287","FA","OreSt Sat 12:00PM","0","0","0%","-","9","0","0","0","0","0","0","0","0","0","0","0","0","0","0"
"Haskins, Hassan","Mich","RB,FLX","Fr","288","WW","@ND Sat 7:30PM","0","0","0%","-","9","0","0","0","0","0","0","0","0","0","0","0","0","0","0"
"Hausmann, Jake","OHSt","TE,FLX","So","289","FA","OreSt Sat 12:00PM","0","0","0%","-","9","0","0","0","0","0","0","0","0","0","0","0","0","0","0"
"Hayek, Hunter","Rut","WR,FLX","So","290","FA","TxSt Sat 12:00PM","0","0","0%","-","9","0","0","0","0","0","0","0","0","0","0","0","0","0","0"
"Hayes, C.J.","MSU","WR,FLX","Fr","291","FA","UtSt Fri 7:00PM","0","0","0%","-","3","0","0","0","0","0","0","0","0","0","0","0","0","0","0"
"Hayes, Ryan","Mich","TE,FLX","Fr","292","WW","@ND Sat 7:30PM","0","0","0%","-","9","0","0","0","0","0","0","0","0","0","0","0","0","0","0"
"Hemphill, Austin","Neb","RB,FLX","Jr","293","FA","Akr Sat 8:00PM","0","0","0%","-","9","0","0","0","0","0","0","0","0","0","0","0","0","0","0"
"Hendershot, Peyton","Ind","TE,FLX","Fr","294","FA","@FLInt Sat 7:00PM","0","0","0%","-","10","0","0","0","0","0","0","0","0","0","0","0","0","0","0"
"Hewitt, Jacolby","Ind","WR,FLX","Fr","295","FA","@FLInt Sat 7:00PM","0","0","0%","-","10","0","0","0","0","0","0","0","0","0","0","0","0","0","0"
"Hewlett, Joe","Mich","RB,FLX","Sr","296","FA","@ND Sat 7:30PM","0","0","0%","-","9","0","0","0","0","0","0","0","0","0","0","0","0","0","0"
"Hippenhammer, Mac","PSU","WR,FLX","Fr","297","FA","App Sat 3:30PM","0","0","0%","-","6","0","0","0","0","0","0","0","0","0","0","0","0","0","0"
"Hoenstine, Alex","PSU","WR,FLX","Fr","298","FA","App Sat 3:30PM","0","0","0%","-","6","0","0","0","0","0","0","0","0","0","0","0","0","0","0"
"Hohenstein, Branden","Neb","TE,FLX","So","299","FA","Akr Sat 8:00PM","0","0","0%","-","9","0","0","0","0","0","0","0","0","0","0","0","0","0","0"
"Holland, Jonathan","PSU","TE,FLX","Jr","300","FA","App Sat 3:30PM","0","0","1%","-","6","0","0","0","0","0","0","0","0","0","0","0","0","0","0"
"Holm, Justin","Neb","WR,FLX","Fr","301","FA","Akr Sat 8:00PM","0","0","0%","-","9","0","0","0","0","0","0","0","0","0","0","0","0","0","0"
"Holman, Berkeley","NW","WR,FLX","Fr","302","FA","@Purd Thu 8:00PM","0","0","0%","-","4","0","0","0","0","0","0","0","0","0","0","0","0","0","0"
"Holman, Zac","Ill","WR,FLX,DB","Sr","303","FA","Kent Sat 12:00PM","0","0","0%","-","5","0","0","0","0","0","0","0","0","0","0","0","0","0","0"
"Holmes, Jordan","Ill","WR,FLX","Fr","304","FA","Kent Sat 12:00PM","0","0","0%","-","5","0","0","0","0","0","0","0","0","0","0","0","0","0","0"
"Honas, Todd","Neb","WR,FLX","So","305","FA","Akr Sat 8:00PM","0","0","0%","-","9","0","0","0","0","0","0","0","0","0","0","0","0","0","0"
"Horvath, Alexander","Purd","RB,FLX","Fr","306","FA","NW Thu 8:00PM","0","0","0%","-","6","0","0","0","0","0","0","0","0","0","0","0","0","0","0"
"Hunt, Andre","Neb","WR,FLX","Fr","307","FA","Akr Sat 8:00PM","0","0","0%","-","9","0","0","0","0","0","0","0","0","0","0","0","0","0","0"
"Ingold, Alec","Wisc","RB,FLX","Sr","308","FA","W Ky Fri 9:00PM","0","0","0%","-","5","0","0","0","0","0","0","0","0","0","0","0","0","0","0"
"Ivy, TJ","Ind","TE,FLX","Fr","309","WW","@FLInt Sat 7:00PM","0","0","0%","-","10","0","0","0","0","0","0","0","0","0","0","0","0","0","0"
"Jabbie, Mohamed","Rut","WR,FLX","So","310","FA","TxSt Sat 12:00PM","0","0","0%","-","9","0","0","0","0","0","0","0","0","0","0","0","0","0","0"
"James, Ryan","Purd","WR,FLX","Fr","311","FA","NW Thu 8:00PM","0","0","0%","-","6","0","0","0","0","0","0","0","0","0","0","0","0","0","0"
"Janes, Max","Minn","TE,FLX","Fr","312","FA","NMSt Thu 7:00PM","0","0","0%","-","5","0","0","0","0","0","0","0","0","0","0","0","0","0","0"
"Jarrell, MJ","MD","WR,FLX","Fr","313","FA","Tex Sat 12:00PM","0","0","0%","-","5","0","0","0","0","0","0","0","0","0","0","0","0","0","0"
"Jefferson, JJ","NW","WR,FLX","Fr","314","FA","@Purd Thu 8:00PM","0","0","0%","-","4","0","0","0","0","0","0","0","0","0","0","0","0","0","0"
"Jelen, Preston","Minn","RB,FLX","Fr","315","FA","NMSt Thu 7:00PM","0","0","0%","-","5","0","0","0","0","0","0","0","0","0","0","0","0","0","0"
"Johnson, Hunter","NW","QB,FLX","So","316","FA","@Purd Thu 8:00PM","0","0","0%","-","4","0","0","0","0","0","0","0","0","0","0","0","0","0","0"
"Johnson, Hunter","Wisc","RB,FLX","Fr","317","FA","W Ky Fri 9:00PM","0","0","0%","-","5","0","0","0","0","0","0","0","0","0","0","0","0","0","0"
"Jones, Bradford","Mich","TE,FLX","Sr","318","FA","@ND Sat 7:30PM","0","0","0%","-","9","0","0","0","0","0","0","0","0","0","0","0","0","0","0"
"Jones, Brandon","Ill","RB,TE,FLX","So","319","FA","Kent Sat 12:00PM","0","0","0%","-","5","0","0","0","0","0","0","0","0","0","0","0","0","0","0"
"Jones, Chris","MD","WR,FLX","Sr","320","FA","Tex Sat 12:00PM","0","0","0%","-","5","0","0","0","0","0","0","0","0","0","0","0","0","0","0"
"Jones, Darryl","MD","WR,FLX","Fr","321","WW","Tex Sat 12:00PM","0","0","0%","-","5","0","0","0","0","0","0","0","0","0","0","0","0","0","0"
"Jones, Jeshaun","MD","WR,FLX","Fr","322","FA","Tex Sat 12:00PM","0","0","0%","-","5","0","0","0","0","0","0","0","0","0","0","0","0","0","0"
"Jones, Miles","Neb","RB,WR,FLX","Fr","323","FA","Akr Sat 8:00PM","0","0","0%","-","9","0","0","0","0","0","0","0","0","0","0","0","0","0","0"
"Jordan, Jalen","Rut","WR,TE,FLX","Fr","324","FA","TxSt Sat 12:00PM","0","0","0%","-","9","0","0","0","0","0","0","0","0","0","0","0","0","0","0"
"Jurgens, Cameron","Neb","TE,FLX","Fr","325","FA","Akr Sat 8:00PM","0","0","0%","-","9","0","0","0","0","0","0","0","0","0","0","0","0","0","0"
"Kaiser, Brian","NW","TE,FLX","Fr","326","FA","@Purd Thu 8:00PM","0","0","0%","-","4","0","0","0","0","0","0","0","0","0","0","0","0","0","0"
"Kapisak, Connor","Iowa","QB,FLX","Fr","327","WW","NIU Sat 3:30PM","0","0","0%","-","5","0","0","0","0","0","0","0","0","0","0","0","0","0","0"
"Kelly, Austin","Iowa","RB,FLX","Sr","328","FA","NIU Sat 3:30PM","0","0","0%","-","5","0","0","0","0","0","0","0","0","0","0","0","0","0","0"
"Kieft, Ko","Minn","TE,FLX","So","329","FA","NMSt Thu 7:00PM","0","0","0%","-","5","0","0","0","0","0","0","0","0","0","0","0","0","0","0"
"Kitrell, Bo","Neb","RB,TE,FLX","Sr","330","FA","Akr Sat 8:00PM","0","0","0%","-","9","0","0","0","0","0","0","0","0","0","0","0","0","0","0"
"Knox, D.J.","Purd","RB,FLX","Sr","331","FA","NW Thu 8:00PM","0","0","0%","-","6","0","0","0","0","0","0","0","0","0","0","0","0","0","0"
"Krull, Bryson","Neb","TE,FLX","Fr","332","FA","Akr Sat 8:00PM","0","0","0%","-","9","0","0","0","0","0","0","0","0","0","0","0","0","0","0"
"Krumholz, Adam","Wisc","WR,FLX","So","333","FA","W Ky Fri 9:00PM","0","0","0%","-","5","0","0","0","0","0","0","0","0","0","0","0","0","0","0"
"Krumm, Nick","MSU","WR,FLX","Jr","334","FA","UtSt Fri 7:00PM","0","0","0%","-","3","0","0","0","0","0","0","0","0","0","0","0","0","0","0"
"Kujawa, Tommy","Iowa","TE,FLX","Fr","335","FA","NIU Sat 3:30PM","0","0","0%","-","5","0","0","0","0","0","0","0","0","0","0","0","0","0","0"
"Kuntz, Zack","PSU","TE,FLX","Fr","336","FA","App Sat 3:30PM","0","0","0%","-","6","0","0","0","0","0","0","0","0","0","0","0","0","0","0"
"Lacewell, Zihir","Rut","WR,FLX","Fr","337","WW","TxSt Sat 12:00PM","0","0","0%","-","9","0","0","0","0","0","0","0","0","0","0","0","0","0","0"
"Lansbury, Will","NW","WR,FLX","Fr","338","FA","@Purd Thu 8:00PM","0","0","0%","-","4","0","0","0","0","0","0","0","0","0","0","0","0","0","0"
"Leake, Javon","MD","RB,FLX","So","339","FA","Tex Sat 12:00PM","0","0","0%","-","5","0","0","0","0","0","0","0","0","0","0","0","0","0","0"
"Legrone, Katerian","Neb","WR,TE,FLX","Fr","340","FA","Akr Sat 8:00PM","0","0","0%","-","9","0","0","0","0","0","0","0","0","0","0","0","0","0","0"
"Levis, Will","PSU","QB,FLX","Fr","341","FA","App Sat 3:30PM","0","0","0%","-","6","0","0","0","0","0","0","0","0","0","0","0","0","0","0"
"Lewandowski, Davis","MSU","WR,FLX","Jr","342","FA","UtSt Fri 7:00PM","0","0","0%","-","3","0","0","0","0","0","0","0","0","0","0","0","0","0","0"
"Lewis, Eddie","Rut","WR,FLX","Fr","343","FA","TxSt Sat 12:00PM","0","0","0%","-","9","0","0","0","0","0","0","0","0","0","0","0","0","0","0"
"Liewer, Wyatt","Neb","WR,FLX","Fr","344","FA","Akr Sat 8:00PM","0","0","0%","-","9","0","0","0","0","0","0","0","0","0","0","0","0","0","0"
"Line, Ben","MSU","RB,FLX","Sr","345","FA","UtSt Fri 7:00PM","0","0","0%","-","3","0","0","0","0","0","0","0","0","0","0","0","0","0","0"
"Link, Cody","NW","TE,FLX","So","346","FA","@Purd Thu 8:00PM","0","0","0%","-","4","0","0","0","0","0","0","0","0","0","0","0","0","0","0"
"Lloyd, Ahrod","Ind","RB,FLX","Fr","347","FA","@FLInt Sat 7:00PM","0","0","0%","-","10","0","0","0","0","0","0","0","0","0","0","0","0","0","0"
"Lloyd, Gabe","Wisc","TE,FLX","So","348","FA","W Ky Fri 9:00PM","0","0","0%","-","5","0","0","0","0","0","0","0","0","0","0","0","0","0","0"
"Lockett, Calvin","Iowa","WR,FLX","Fr","349","FA","NIU Sat 3:30PM","0","0","0%","-","5","0","0","0","0","0","0","0","0","0","0","0","0","0","0"
"London, Dominik","Minn","RB,FLX","Fr","350","FA","NMSt Thu 7:00PM","0","0","0%","-","5","0","0","0","0","0","0","0","0","0","0","0","0","0","0"
"Lucas, Collin","MSU","RB,FLX","Sr","351","FA","UtSt Fri 7:00PM","0","0","0%","-","3","0","0","0","0","0","0","0","0","0","0","0","0","0","0"
"Ludwig, Joe","Iowa","RB,FLX,LB","Fr","352","FA","NIU Sat 3:30PM","0","0","0%","-","5","0","0","0","0","0","0","0","0","0","0","0","0","0","0"
"Lutz, Isaac","PSU","WR,FLX","So","353","FA","App Sat 3:30PM","0","0","0%","-","6","0","0","0","0","0","0","0","0","0","0","0","0","0","0"
"Macius, Mickey","MSU","QB,FLX","Sr","354","FA","UtSt Fri 7:00PM","0","0","0%","-","3","0","0","0","0","0","0","0","0","0","0","0","0","0","0"
"Majette, Mike","Ind","RB,FLX","Sr","355","FA","@FLInt Sat 7:00PM","0","0","0%","-","10","0","0","0","0","0","0","0","0","0","0","0","0","0","0"
"Major, Julian","MSU","WR,FLX","Fr","356","FA","UtSt Fri 7:00PM","0","0","0%","-","3","0","0","0","0","0","0","0","0","0","0","0","0","0","0"
"Malone, Derrick","OHSt","TE,FLX","Sr","357","FA","OreSt Sat 12:00PM","0","0","0%","-","9","0","0","0","0","0","0","0","0","0","0","0","0","0","0"
"Mangieri, Charlie","NW","TE,FLX","Fr","358","FA","@Purd Thu 8:00PM","0","0","0%","-","4","0","0","0","0","0","0","0","0","0","0","0","0","0","0"
"Manns, Jornell","Minn","WR,FLX","Fr","359","FA","NMSt Thu 7:00PM","0","0","0%","-","5","0","0","0","0","0","0","0","0","0","0","0","0","0","0"
"Mansell, Peyton","Iowa","QB,FLX","Fr","360","FA","NIU Sat 3:30PM","0","0","0%","-","5","0","0","0","0","0","0","0","0","0","0","0","0","0","0"
"Marchese, Henry","Iowa","WR,FLX","Fr","361","FA","NIU Sat 3:30PM","0","0","0%","-","5","0","0","0","0","0","0","0","0","0","0","0","0","0","0"
"Marshall, Miles","Ind","WR,FLX","Fr","362","WW","@FLInt Sat 7:00PM","0","0","0%","-","10","0","0","0","0","0","0","0","0","0","0","0","0","0","0"
"Martin, Jake","Mich","WR,FLX","Jr","363","FA","@ND Sat 7:30PM","0","0","0%","-","9","0","0","0","0","0","0","0","0","0","0","0","0","0","0"
"Martin, Oliver","Mich","WR,FLX","So","364","FA","@ND Sat 7:30PM","0","0","0%","-","9","0","0","0","0","0","0","0","0","0","0","0","0","0","0"
"Marty, Andrew","NW","QB,FLX","Fr","365","FA","@Purd Thu 8:00PM","0","0","0%","-","4","0","0","0","0","0","0","0","0","0","0","0","0","0","0"
"Masker, Matt","Neb","QB,FLX","Fr","366","FA","Akr Sat 8:00PM","0","0","0%","-","9","0","0","0","0","0","0","0","0","0","0","0","0","0","0"
"Mason, Ben","Mich","RB,FLX","So","367","FA","@ND Sat 7:30PM","0","0","0%","-","9","0","0","0","0","0","0","0","0","0","0","0","0","0","0"
"Maxwell, Colton","PSU","WR,FLX","So","368","FA","App Sat 3:30PM","0","0","0%","-","6","0","0","0","0","0","0","0","0","0","0","0","0","0","0"
"Mays, Sam","Ill","WR,FLX","Sr","369","FA","Kent Sat 12:00PM","0","0","0%","-","5","0","0","0","0","0","0","0","0","0","0","0","0","0","0"
"Mazour, Wyatt","Neb","RB,FLX","Jr","370","FA","Akr Sat 8:00PM","0","0","0%","-","9","0","0","0","0","0","0","0","0","0","0","0","0","0","0"
"McCaffrey, Dylan","Mich","QB,FLX","So","371","FA","@ND Sat 7:30PM","0","0","0%","-","9","0","0","0","0","0","0","0","0","0","0","0","0","0","0"
"McCall, Demario","OHSt","RB,WR,FLX","So","372","FA","OreSt Sat 12:00PM","0","0","0%","-","9","0","0","0","0","0","0","0","0","0","0","0","0","0","0"
"McCurry, Jake","Mich","WR,FLX,DB","So","373","FA","@ND Sat 7:30PM","0","0","0%","-","9","0","0","0","0","0","0","0","0","0","0","0","0","0","0"
"McGowan, Kyric","NW","WR,FLX","So","374","FA","@Purd Thu 8:00PM","0","0","0%","-","4","0","0","0","0","0","0","0","0","0","0","0","0","0","0"
"McGriff, Justin","Neb","WR,FLX","Fr","375","FA","Akr Sat 8:00PM","0","0","0%","-","9","0","0","0","0","0","0","0","0","0","0","0","0","0","0"
"McKeon, Sean","Mich","TE,FLX","Jr","376","FA","@ND Sat 7:30PM","0","0","76%","-","9","0","0","0","0","0","0","0","0","0","0","0","0","0","0"
"McLaurin, Terry","OHSt","WR,FLX","Sr","377","FA","OreSt Sat 12:00PM","0","0","0%","-","9","0","0","0","0","0","0","0","0","0","0","0","0","0","0"
"McMahon, Amari","OHSt","RB,FLX","Jr","378","FA","OreSt Sat 12:00PM","0","0","0%","-","9","0","0","0","0","0","0","0","0","0","0","0","0","0","0"
"Miller, Cam","Ill","QB,FLX","So","379","FA","Kent Sat 12:00PM","0","0","0%","-","5","0","0","0","0","0","0","0","0","0","0","0","0","0","0"
"MIlton, Joe","Mich","QB,FLX","Fr","380","FA","@ND Sat 7:30PM","0","0","0%","-","9","0","0","0","0","0","0","0","0","0","0","0","0","0","0"
"Moore, Rondale","Purd","WR,FLX","Fr","381","WW","NW Thu 8:00PM","0","0","2%","-","6","0","0","0","0","0","0","0","0","0","0","0","0","0","0"
"Morgan, Teldrick","MD","WR,FLX","Sr","382","FA","Tex Sat 12:00PM","0","0","0%","-","5","0","0","0","0","0","0","0","0","0","0","0","0","0","0"
"Morse, Matt","Minn","WR,FLX","Jr","383","FA","NMSt Thu 7:00PM","0","0","0%","-","5","0","0","0","0","0","0","0","0","0","0","0","0","0","0"
"Muhammad, Mustapha","Mich","TE,FLX","Fr","384","WW","@ND Sat 7:30PM","0","0","0%","-","9","0","0","0","0","0","0","0","0","0","0","0","0","0","0"
"Murphy, Cole","Rut","WR,FLX","Jr","385","FA","TxSt Sat 12:00PM","0","0","0%","-","9","0","0","0","0","0","0","0","0","0","0","0","0","0","0"
"Mustapha, Taj","Wisc","WR,FLX","Fr","386","FA","W Ky Fri 9:00PM","0","0","0%","-","5","0","0","0","0","0","0","0","0","0","0","0","0","0","0"
"Myers, Brandon","Rut","RB,FLX","Fr","387","WW","TxSt Sat 12:00PM","0","0","0%","-","9","0","0","0","0","0","0","0","0","0","0","0","0","0","0"
"Navarro, Donny","Ill","WR,FLX","So","388","FA","Kent Sat 12:00PM","0","0","0%","-","5","0","0","0","0","0","0","0","0","0","0","0","0","0","0"
"Nelson, Craig","Ind","RB,FLX","Fr","389","FA","@FLInt Sat 7:00PM","0","0","0%","-","10","0","0","0","0","0","0","0","0","0","0","0","0","0","0"
"Nelson, Laress","MSU","WR,FLX","So","390","FA","UtSt Fri 7:00PM","0","0","0%","-","3","0","0","0","0","0","0","0","0","0","0","0","0","0","0"
"Nelson, Sean","MD","WR,FLX","Fr","391","FA","Tex Sat 12:00PM","0","0","0%","-","5","0","0","0","0","0","0","0","0","0","0","0","0","0","0"
"Neuville, Zander","Wisc","TE,FLX","Sr","392","FA","W Ky Fri 9:00PM","0","0","0%","-","5","0","0","0","0","0","0","0","0","0","0","0","0","0","0"
"Niro III, Raymond","NW","WR,FLX","Fr","393","FA","@Purd Thu 8:00PM","0","0","0%","-","4","0","0","0","0","0","0","0","0","0","0","0","0","0","0"
"Nittolo, Rob","Rut","QB,FLX","Sr","394","FA","TxSt Sat 12:00PM","0","0","0%","-","9","0","0","0","0","0","0","0","0","0","0","0","0","0","0"
"Norwood, Jakari","Ill","RB,FLX","Fr","395","FA","Kent Sat 12:00PM","0","0","0%","-","5","0","0","0","0","0","0","0","0","0","0","0","0","0","0"
"O'Connell, Aidan","Purd","QB,FLX","Fr","396","FA","NW Thu 8:00PM","0","0","0%","-","6","0","0","0","0","0","0","0","0","0","0","0","0","0","0"
"Oelsner, Alex","NW","TE,FLX","Fr","397","FA","@Purd Thu 8:00PM","0","0","0%","-","4","0","0","0","0","0","0","0","0","0","0","0","0","0","0"
"Ogwuegbu, Ikechukwu","MD","RB,FLX","Jr","398","FA","Tex Sat 12:00PM","0","0","0%","-","5","0","0","0","0","0","0","0","0","0","0","0","0","0","0"
"Okonkwo, Chigoziem","MD","TE,FLX","Fr","399","FA","Tex Sat 12:00PM","0","0","0%","-","5","0","0","0","0","0","0","0","0","0","0","0","0","0","0"
"Olave, Chris","OHSt","WR,FLX","Fr","400","FA","OreSt Sat 12:00PM","0","0","0%","-","9","0","0","0","0","0","0","0","0","0","0","0","0","0","0"
"Pabst, Johnny","Ind","QB,FLX","Fr","401","FA","@FLInt Sat 7:00PM","0","0","0%","-","10","0","0","0","0","0","0","0","0","0","0","0","0","0","0"
"Pallissard, Turner","Iowa","RB,FLX","Fr","402","FA","NIU Sat 3:30PM","0","0","0%","-","5","0","0","0","0","0","0","0","0","0","0","0","0","0","0"
"Palmer, Griffin","Ill","TE,FLX","So","403","FA","Kent Sat 12:00PM","0","0","0%","-","5","0","0","0","0","0","0","0","0","0","0","0","0","0","0"
"Park, Andrew","MD","TE,FLX","Fr","404","FA","Tex Sat 12:00PM","0","0","0%","-","5","0","0","0","0","0","0","0","0","0","0","0","0","0","0"
"Paulson, Jake","Minn","TE,FLX","Fr","405","FA","NMSt Thu 7:00PM","0","0","0%","-","5","0","0","0","0","0","0","0","0","0","0","0","0","0","0"
"Pechac, Kristian","Ind","RB,FLX","Fr","406","WW","@FLInt Sat 7:00PM","0","0","0%","-","10","0","0","0","0","0","0","0","0","0","0","0","0","0","0"
"Perry, Emmet","Wisc","WR,FLX","Fr","407","FA","W Ky Fri 9:00PM","0","0","0%","-","5","0","0","0","0","0","0","0","0","0","0","0","0","0","0"
"Perry, Grant","Mich","WR,FLX","Sr","408","FA","@ND Sat 7:30PM","0","0","0%","-","9","0","0","0","0","0","0","0","0","0","0","0","0","0","0"
"Peters, Brandon","Mich","QB,FLX","Jr","409","FA","@ND Sat 7:30PM","0","0","0%","-","9","0","0","0","0","0","0","0","0","0","0","0","0","0","0"
"Petras, Spencer","Iowa","QB,FLX","Fr","410","FA","NIU Sat 3:30PM","0","0","0%","-","5","0","0","0","0","0","0","0","0","0","0","0","0","0","0"
"Philyor, Whop","Ind","WR,FLX","So","411","FA","@FLInt Sat 7:00PM","0","0","0%","-","10","0","0","0","0","0","0","0","0","0","0","0","0","0","0"
"Pickerign, Samuel","Minn","QB,FLX","Fr","412","FA","NMSt Thu 7:00PM","0","0","0%","-","5","0","0","0","0","0","0","0","0","0","0","0","0","0","0"
"Pihlstrom, Alex","Ill","TE,FLX","Fr","413","FA","Kent Sat 12:00PM","0","0","0%","-","5","0","0","0","0","0","0","0","0","0","0","0","0","0","0"
"Pimentel, Jonathan","Rut","TE,FLX","Fr","414","WW","TxSt Sat 12:00PM","0","0","0%","-","9","0","0","0","0","0","0","0","0","0","0","0","0","0","0"
"Pittman, Darius","Purd","TE,FLX","So","415","FA","NW Thu 8:00PM","0","0","0%","-","6","0","0","0","0","0","0","0","0","0","0","0","0","0","0"
"Plocki, Tyler","Mich","RB,FLX","So","416","FA","@ND Sat 7:30PM","0","0","0%","-","9","0","0","0","0","0","0","0","0","0","0","0","0","0","0"
"Plummer, Jack","Purd","QB,FLX","Fr","417","FA","NW Thu 8:00PM","0","0","0%","-","6","0","0","0","0","0","0","0","0","0","0","0","0","0","0"
"Prater, Garyn","OHSt","WR,FLX","So","418","FA","OreSt Sat 12:00PM","0","0","0%","-","9","0","0","0","0","0","0","0","0","0","0","0","0","0","0"
"Prather, James","NW","TE,FLX","Sr","419","FA","@Purd Thu 8:00PM","0","0","0%","-","4","0","0","0","0","0","0","0","0","0","0","0","0","0","0"
"Pugh, Aslan","Rut","RB,FLX","So","420","FA","TxSt Sat 12:00PM","0","0","0%","-","9","0","0","0","0","0","0","0","0","0","0","0","0","0","0"
"Pugh, Trey","NW","TE,FLX","So","421","FA","@Purd Thu 8:00PM","0","0","0%","-","4","0","0","0","0","0","0","0","0","0","0","0","0","0","0"
"Rafdal, Kurt","Neb","TE,FLX","Fr","422","FA","Akr Sat 8:00PM","0","0","0%","-","9","0","0","0","0","0","0","0","0","0","0","0","0","0","0"
"Ragaini, Nico","Iowa","WR,FLX","Fr","423","FA","NIU Sat 3:30PM","0","0","0%","-","5","0","0","0","0","0","0","0","0","0","0","0","0","0","0"
"Reams, Caleb","Ill","WR,TE,FLX","Jr","424","FA","Kent Sat 12:00PM","0","0","0%","-","5","0","0","0","0","0","0","0","0","0","0","0","0","0","0"
"Reese, Steven","NW","WR,FLX","Jr","425","FA","@Purd Thu 8:00PM","0","0","0%","-","4","0","0","0","0","0","0","0","0","0","0","0","0","0","0"
"Reimers, Bryan","Neb","WR,FLX","Sr","426","FA","Akr Sat 8:00PM","0","0","0%","-","9","0","0","0","0","0","0","0","0","0","0","0","0","0","0"
"Rivers II, M.J.","Ill","QB,FLX","Fr","427","FA","Kent Sat 12:00PM","0","0","0%","-","5","0","0","0","0","0","0","0","0","0","0","0","0","0","0"
"Robbins, Brandon","Neb","WR,FLX","Fr","428","FA","Akr Sat 8:00PM","0","0","0%","-","9","0","0","0","0","0","0","0","0","0","0","0","0","0","0"
"Roberts, Austin","Ill","RB,TE,FLX","Sr","429","FA","Kent Sat 12:00PM","0","0","0%","-","5","0","0","0","0","0","0","0","0","0","0","0","0","0","0"
"Roberts, Jelani","NW","WR,FLX","Sr","430","FA","@Purd Thu 8:00PM","0","0","0%","-","4","0","0","0","0","0","0","0","0","0","0","0","0","0","0"
"Robinson, Daevon","Rut","WR,FLX","Fr","431","WW","TxSt Sat 12:00PM","0","0","0%","-","9","0","0","0","0","0","0","0","0","0","0","0","0","0","0"
"Robinson, Matt","Ill","QB,FLX","Fr","432","FA","Kent Sat 12:00PM","0","0","0%","-","5","0","0","0","0","0","0","0","0","0","0","0","0","0","0"
"Rose, Austin","Neb","RB,FLX","Sr","433","FA","Akr Sat 8:00PM","0","0","0%","-","9","0","0","0","0","0","0","0","0","0","0","0","0","0","0"
"Rosenthal, Max","MSU","RB,FLX","Fr","434","FA","UtSt Fri 7:00PM","0","0","0%","-","3","0","0","0","0","0","0","0","0","0","0","0","0","0","0"
"Roski, Zack","MD","TE,FLX","So","435","FA","Tex Sat 12:00PM","0","0","0%","-","5","0","0","0","0","0","0","0","0","0","0","0","0","0","0"
"Ross, Brady","Iowa","RB,FLX","Jr","436","FA","NIU Sat 3:30PM","0","0","0%","-","5","0","0","0","0","0","0","0","0","0","0","0","0","0","0"
"Rossi, Mitch","OHSt","RB,FLX","So","437","FA","OreSt Sat 12:00PM","0","0","0%","-","9","0","0","0","0","0","0","0","0","0","0","0","0","0","0"
"Ruth, Connor","Neb","RB,FLX","Fr","438","FA","Akr Sat 8:00PM","0","0","0%","-","9","0","0","0","0","0","0","0","0","0","0","0","0","0","0"
"Saari, Mark","Wisc","RB,FLX","Sr","439","FA","W Ky Fri 9:00PM","0","0","0%","-","5","0","0","0","0","0","0","0","0","0","0","0","0","0","0"
"Sampson, Cormac","Wisc","TE,FLX","Fr","440","WW","W Ky Fri 9:00PM","0","0","0%","-","5","0","0","0","0","0","0","0","0","0","0","0","0","0","0"
"Samuels, O'Maury","Mich","RB,FLX","So","441","FA","@ND Sat 7:30PM","0","0","0%","-","9","0","0","0","0","0","0","0","0","0","0","0","0","0","0"
"Sandy, Carlos","Ill","WR,FLX","Fr","442","FA","Kent Sat 12:00PM","0","0","0%","-","5","0","0","0","0","0","0","0","0","0","0","0","0","0","0"
"Santaga, Jon","Minn","QB,FLX,DB","Fr","443","FA","NMSt Thu 7:00PM","0","0","0%","-","5","0","0","0","0","0","0","0","0","0","0","0","0","0","0"
"Sargent, Mekhi","Iowa","RB,FLX","So","444","WW","NIU Sat 3:30PM","0","0","0%","-","5","0","0","0","0","0","0","0","0","0","0","0","0","0","0"
"Sargent, Noah","MSU","RB,FLX","So","445","FA","UtSt Fri 7:00PM","0","0","0%","-","3","0","0","0","0","0","0","0","0","0","0","0","0","0","0"
"Saunders, C.J.","OHSt","WR,FLX","Sr","446","FA","OreSt Sat 12:00PM","0","0","0%","-","9","0","0","0","0","0","0","0","0","0","0","0","0","0","0"
"Schipper, Brady","Wisc","WR,FLX","Fr","447","WW","W Ky Fri 9:00PM","0","0","0%","-","5","0","0","0","0","0","0","0","0","0","0","0","0","0","0"
"Schmidt, Ryan","Iowa","QB,FLX","Jr","448","FA","NIU Sat 3:30PM","0","0","0%","-","5","0","0","0","0","0","0","0","0","0","0","0","0","0","0"
"Schoenle, Nate","Mich","WR,FLX","Jr","449","FA","@ND Sat 7:30PM","0","0","0%","-","9","0","0","0","0","0","0","0","0","0","0","0","0","0","0"
"Schoonmaker, Luke","Mich","TE,FLX","Fr","450","WW","@ND Sat 7:30PM","0","0","0%","-","9","0","0","0","0","0","0","0","0","0","0","0","0","0","0"
"Schulte, Bryce","Iowa","TE,FLX","Fr","451","FA","NIU Sat 3:30PM","0","0","0%","-","5","0","0","0","0","0","0","0","0","0","0","0","0","0","0"
"Schwob, Robert","MD","TE,FLX","So","452","FA","Tex Sat 12:00PM","0","0","0%","-","5","0","0","0","0","0","0","0","0","0","0","0","0","0","0"
"Scott, Stevie","Ind","RB,FLX","Fr","453","WW","@FLInt Sat 7:00PM","0","0","0%","-","10","0","0","0","0","0","0","0","0","0","0","0","0","0","0"
"Selzer, Carter","Mich","TE,FLX","So","454","FA","@ND Sat 7:30PM","0","0","0%","-","9","0","0","0","0","0","0","0","0","0","0","0","0","0","0"
"Sessa, Michael","Mich","QB,FLX","Jr","455","FA","@ND Sat 7:30PM","0","0","0%","-","9","0","0","0","0","0","0","0","0","0","0","0","0","0","0"
"Seybert, Matt","MSU","TE,FLX,DL","Jr","456","FA","UtSt Fri 7:00PM","0","0","0%","-","3","0","0","0","0","0","0","0","0","0","0","0","0","0","0"
"Shayotovich, Luke","Ind","WR,FLX","Fr","457","WW","@FLInt Sat 7:00PM","0","0","0%","-","10","0","0","0","0","0","0","0","0","0","0","0","0","0","0"
"Shoop, Tyler","PSU","WR,FLX","Jr","458","FA","App Sat 3:30PM","0","0","0%","-","6","0","0","0","0","0","0","0","0","0","0","0","0","0","0"
"Shuster, Michael","PSU","QB,FLX","So","459","FA","App Sat 3:30PM","0","0","0%","-","6","0","0","0","0","0","0","0","0","0","0","0","0","0","0"
"Sims, Kenyon","Ill","RB,FLX","Fr","460","FA","Kent Sat 12:00PM","0","0","0%","-","5","0","0","0","0","0","0","0","0","0","0","0","0","0","0"
"Sipe, Nick","Purd","QB,FLX","Fr","461","FA","NW Thu 8:00PM","0","0","0%","-","6","0","0","0","0","0","0","0","0","0","0","0","0","0","0"
"Smith, Aidan","NW","QB,FLX","So","462","FA","@Purd Thu 8:00PM","0","0","0%","-","4","0","0","0","0","0","0","0","0","0","0","0","0","0","0"
"Smith, L'Christian","OHSt","WR,FLX","Fr","463","FA","OreSt Sat 12:00PM","0","0","0%","-","9","0","0","0","0","0","0","0","0","0","0","0","0","0","0"
"Snead, Brian","OHSt","RB,FLX","Fr","464","FA","OreSt Sat 12:00PM","0","0","0%","-","9","0","0","0","0","0","0","0","0","0","0","0","0","0","0"
"Sneed, Trey","Rut","RB,FLX","So","465","FA","TxSt Sat 12:00PM","0","0","0%","-","9","0","0","0","0","0","0","0","0","0","0","0","0","0","0"
"Snorweah, Charles","Rut","RB,FLX","Jr","466","FA","TxSt Sat 12:00PM","0","0","0%","-","9","0","0","0","0","0","0","0","0","0","0","0","0","0","0"
"Sowards, Brandon","MSU","WR,FLX","Sr","467","FA","UtSt Fri 7:00PM","0","0","0%","-","3","0","0","0","0","0","0","0","0","0","0","0","0","0","0"
"Spann-Ford, Brevyn","Minn","TE,FLX","Fr","468","FA","NMSt Thu 7:00PM","0","0","0%","-","5","0","0","0","0","0","0","0","0","0","0","0","0","0","0"
"Sparks, Jared","Purd","QB,WR,FLX","So","469","FA","NW Thu 8:00PM","0","0","10%","-","6","0","0","0","0","0","0","0","0","0","0","0","0","0","0"
"Stacy, Cam","Ill","WR,FLX","Fr","470","WW","Kent Sat 12:00PM","0","0","0%","-","5","0","0","0","0","0","0","0","0","0","0","0","0","0","0"
"Stampley, Dominic","Ill","WR,FLX","So","471","WW","Kent Sat 12:00PM","0","0","0%","-","5","0","0","0","0","0","0","0","0","0","0","0","0","0","0"
"Stillmunkes, Kordell","Iowa","RB,FLX","Fr","472","FA","NIU Sat 3:30PM","0","0","0%","-","5","0","0","0","0","0","0","0","0","0","0","0","0","0","0"
"Subbert, Ben","Iowa","TE,FLX","Fr","473","FA","NIU Sat 3:30PM","0","0","0%","-","5","0","0","0","0","0","0","0","0","0","0","0","0","0","0"
"Sullivan-Brown, Cam","PSU","WR,FLX","Fr","474","FA","App Sat 3:30PM","0","0","0%","-","6","0","0","0","0","0","0","0","0","0","0","0","0","0","0"
"Taylor, Coran","Ill","QB,FLX","Fr","475","FA","Kent Sat 12:00PM","0","0","0%","-","5","0","0","0","0","0","0","0","0","0","0","0","0","0","0"
"Taylor, Kory","Purd","WR,FLX","Fr","476","WW","NW Thu 8:00PM","0","0","0%","-","6","0","0","0","0","0","0","0","0","0","0","0","0","0","0"
"Taylor, Kurt","Mich","RB,FLX","So","477","FA","@ND Sat 7:30PM","0","0","0%","-","9","0","0","0","0","0","0","0","0","0","0","0","0","0","0"
"Taylor, Prince","Rut","WR,FLX","So","478","FA","TxSt Sat 12:00PM","0","0","0%","-","9","0","0","0","0","0","0","0","0","0","0","0","0","0","0"
"Thomas, Alante","MSU","RB,FLX","So","479","FA","UtSt Fri 7:00PM","0","0","0%","-","3","0","0","0","0","0","0","0","0","0","0","0","0","0","0"
"Thomas, Connor","Ind","RB,FLX","So","480","FA","@FLInt Sat 7:00PM","0","0","0%","-","10","0","0","0","0","0","0","0","0","0","0","0","0","0","0"
"Thomas, Drew","Iowa","WR,FLX","Fr","481","FA","NIU Sat 3:30PM","0","0","0%","-","5","0","0","0","0","0","0","0","0","0","0","0","0","0","0"
"Thomas, Dylan","Ill","WR,FLX","Fr","482","FA","Kent Sat 12:00PM","0","0","0%","-","5","0","0","0","0","0","0","0","0","0","0","0","0","0","0"
"Thomas, Johnathan","PSU","RB,FLX","Sr","483","FA","App Sat 3:30PM","0","0","0%","-","6","0","0","0","0","0","0","0","0","0","0","0","0","0","0"
"Thompson, True","Minn","WR,FLX","So","484","FA","NMSt Thu 7:00PM","0","0","0%","-","5","0","0","0","0","0","0","0","0","0","0","0","0","0","0"
"Thurman, Andrew","Neb","WR,FLX","Fr","485","FA","Akr Sat 8:00PM","0","0","0%","-","9","0","0","0","0","0","0","0","0","0","0","0","0","0","0"
"Tirmonia, Jackson","NW","WR,FLX","So","486","FA","@Purd Thu 8:00PM","0","0","0%","-","4","0","0","0","0","0","0","0","0","0","0","0","0","0","0"
"Tracy, Jr., Tyrone","Iowa","WR,FLX","Fr","487","FA","NIU Sat 3:30PM","0","0","0%","-","5","0","0","0","0","0","0","0","0","0","0","0","0","0","0"
"Trussell, Jess","Purd","TE,FLX","Jr","488","FA","NW Thu 8:00PM","0","0","0%","-","6","0","0","0","0","0","0","0","0","0","0","0","0","0","0"
"Turner, Christian","Mich","RB,FLX","Fr","489","WW","@ND Sat 7:30PM","0","0","0%","-","9","0","0","0","0","0","0","0","0","0","0","0","0","0","0"
"Van Dyne, Harry","Minn","WR,FLX","Fr","490","FA","NMSt Thu 7:00PM","0","0","0%","-","5","0","0","0","0","0","0","0","0","0","0","0","0","0","0"
"Van Dyne, Yale","Minn","WR,FLX","So","491","FA","NMSt Thu 7:00PM","0","0","0%","-","5","0","0","0","0","0","0","0","0","0","0","0","0","0","0"
"Vanden Boom, Danny","Wisc","QB,FLX","Fr","492","FA","W Ky Fri 9:00PM","0","0","0%","-","5","0","0","0","0","0","0","0","0","0","0","0","0","0","0"
"VanSumeren, Ben","Mich","RB,FLX","Fr","493","WW","@ND Sat 7:30PM","0","0","0%","-","9","0","0","0","0","0","0","0","0","0","0","0","0","0","0"
"Vault, Solomon","NW","WR,FLX","Sr","494","FA","@Purd Thu 8:00PM","0","0","0%","-","4","0","0","0","0","0","0","0","0","0","0","0","0","0","0"
"Vedral, Noah","Neb","QB,FLX","So","495","FA","Akr Sat 8:00PM","0","0","0%","-","9","0","0","0","0","0","0","0","0","0","0","0","0","0","0"
"Vejvoda, Nate","Iowa","TE,FLX","Jr","496","FA","NIU Sat 3:30PM","0","0","0%","-","5","0","0","0","0","0","0","0","0","0","0","0","0","0","0"
"Walker Jr., Ronnie","Ind","RB,FLX","Fr","497","FA","@FLInt Sat 7:00PM","0","0","0%","-","10","0","0","0","0","0","0","0","0","0","0","0","0","0","0"
"Walker, Bobby","Ill","TE,FLX","Jr","498","FA","Kent Sat 12:00PM","0","0","0%","-","5","0","0","0","0","0","0","0","0","0","0","0","0","0","0"
"Wangler, Jared","Mich","RB,FLX","Sr","499","FA","@ND Sat 7:30PM","0","0","0%","-","9","0","0","0","0","0","0","0","0","0","0","0","0","0","0"
"Wanner, Coy","Wisc","RB,TE,FLX","Fr","500","FA","W Ky Fri 9:00PM","0","0","0%","-","5","0","0","0","0","0","0","0","0","0","0","0","0","0","0"
"Warner, Kade","Neb","WR,FLX","Fr","501","FA","Akr Sat 8:00PM","0","0","0%","-","9","0","0","0","0","0","0","0","0","0","0","0","0","0","0"
"Watercutter, Ryan","Ind","TE,FLX","Sr","502","FA","@FLInt Sat 7:00PM","0","0","10%","-","10","0","0","0","0","0","0","0","0","0","0","0","0","0","0"
"Watt, Dominick","Neb","WR,FLX","Fr","503","FA","Akr Sat 8:00PM","0","0","0%","-","9","0","0","0","0","0","0","0","0","0","0","0","0","0","0"
"Watts, Jahz","MSU","WR,FLX","Fr","504","FA","UtSt Fri 7:00PM","0","0","0%","-","3","0","0","0","0","0","0","0","0","0","0","0","0","0","0"
"Welch, Andre","MSU","WR,FLX","So","505","FA","UtSt Fri 7:00PM","0","0","0%","-","3","0","0","0","0","0","0","0","0","0","0","0","0","0","0"
"Weller, Justin","PSU","WR,FLX","Fr","506","FA","App Sat 3:30PM","0","0","0%","-","6","0","0","0","0","0","0","0","0","0","0","0","0","0","0"
"West, Jacob","Mich","QB,FLX,DB","Sr","507","FA","@ND Sat 7:30PM","0","0","0%","-","9","0","0","0","0","0","0","0","0","0","0","0","0","0","0"
"White, Brendan","Mich","WR,FLX","Sr","508","FA","@ND Sat 7:30PM","0","0","0%","-","9","0","0","0","0","0","0","0","0","0","0","0","0","0","0"
"White, De'Shawn","OHSt","WR,FLX","So","509","FA","OreSt Sat 12:00PM","0","0","0%","-","9","0","0","0","0","0","0","0","0","0","0","0","0","0","0"
"Whittaker, Jason","NW","QB,FLX","Fr","510","FA","@Purd Thu 8:00PM","0","0","0%","-","4","0","0","0","0","0","0","0","0","0","0","0","0","0","0"
"Wieting, Nate","Iowa","TE,FLX","Jr","511","FA","NIU Sat 3:30PM","0","0","0%","-","5","0","0","0","0","0","0","0","0","0","0","0","0","0","0"
"Williams, Justice","Ill","WR,FLX,LB","Jr","512","FA","Kent Sat 12:00PM","0","0","0%","-","5","0","0","0","0","0","0","0","0","0","0","0","0","0","0"
"Williams, Mike","Neb","WR,FLX","Jr","513","FA","Akr Sat 8:00PM","0","0","5%","-","9","0","0","0","0","0","0","0","0","0","0","0","0","0","0"
"Witham, Bryce","Minn","TE,FLX","Jr","514","FA","NMSt Thu 7:00PM","0","0","0%","-","5","0","0","0","0","0","0","0","0","0","0","0","0","0","0"
"Witherspoon, Clayton","Minn","TE,FLX","Fr","515","FA","NMSt Thu 7:00PM","0","0","0%","-","5","0","0","0","0","0","0","0","0","0","0","0","0","0","0"
"Wittwer, Max","Mich","QB,FLX","Fr","516","WW","@ND Sat 7:30PM","0","0","0%","-","9","0","0","0","0","0","0","0","0","0","0","0","0","0","0"
"Wolf, Chase","Wisc","QB,FLX","Fr","517","WW","W Ky Fri 9:00PM","0","0","0%","-","5","0","0","0","0","0","0","0","0","0","0","0","0","0","0"
"Woods, Paul","Rut","WR,FLX","Fr","518","WW","TxSt Sat 12:00PM","0","0","0%","-","9","0","0","0","0","0","0","0","0","0","0","0","0","0","0"
"Woodyard, Jaron","Neb","WR,FLX","Jr","519","FA","Akr Sat 8:00PM","0","0","5%","-","9","0","0","0","0","0","0","0","0","0","0","0","0","0","0"
"Young, Conor","Neb","WR,FLX","Jr","520","FA","Akr Sat 8:00PM","0","0","0%","-","9","0","0","0","0","0","0","0","0","0","0","0","0","0","0"
"Young, Devonte","Iowa","WR,FLX","Jr","521","FA","NIU Sat 3:30PM","0","0","0%","-","5","0","0","0","0","0","0","0","0","0","0","0","0","0","0"
"Young, Jack","Mich","WR,FLX","So","522","FA","@ND Sat 7:30PM","0","0","0%","-","9","0","0","0","0","0","0","0","0","0","0","0","0","0","0"
"Zembiec, Jake","PSU","QB,FLX","So","523","FA","App Sat 3:30PM","0","0","0%","-","6","0","0","0","0","0","0","0","0","0","0","0","0","0","0"
